date,ind,rain,ind,temp,ind,wetb,dewpt,vappr,rhum,msl,ind,wdsp,ind,wddir,ww,w,sun,vis,clht,clamt
01-jan-2020 00:00,3,0,0,5.7,0,5.4,5.1,8.7,95,1029.4,2,5,2,60,10,11,0,6000,23,7
01-jan-2020 01:00,0,0,0,6,0,5.3,4.4,8.3,89,1029,2,6,2,50,2,11,0,20000,23,7
01-jan-2020 02:00,0,0,0,6.4,0,5.4,4.1,8.2,85,1028.4,2,4,2,50,2,11,0,20000,22,7
01-jan-2020 03:00,0,0,0,5.9,0,5.2,4.2,8.3,89,1028,2,3,2,70,2,11,0,20000,22,7
01-jan-2020 04:00,0,0,0,5.7,0,5.1,4.2,8.3,91,1027.6,2,3,2,110,2,11,0,20000,22,7
01-jan-2020 05:00,0,0,0,5.8,0,5,4,8.1,88,1028.1,2,2,2,110,2,11,0,20000,21,7
01-jan-2020 06:00,0,0,0,5.8,0,5.1,4.1,8.2,89,1028,2,2,2,160,2,11,0,20000,21,7
01-jan-2020 07:00,0,0,0,6.4,0,5.3,3.9,8,84,1027.6,2,5,2,100,2,11,0,20000,20,7
01-jan-2020 08:00,0,0,0,6.5,0,5.4,3.8,8.1,84,1027.4,2,5,2,100,2,11,0,30000,20,7
01-jan-2020 09:00,0,0,0,6.4,0,5.5,4.4,8.3,86,1027.4,2,4,2,100,2,11,0,30000,22,8
01-jan-2020 10:00,0,0,0,6.9,0,6,4.8,8.6,87,1027.3,2,5,2,110,2,11,0,30000,20,7
01-jan-2020 11:00,0,0,0,7.4,0,6.6,5.7,9.1,88,1027.4,2,5,2,140,2,11,0,30000,23,7
01-jan-2020 12:00,0,0,0,8.4,0,7.7,6.9,9.9,90,1026.1,2,6,2,150,2,11,0,20000,24,7
01-jan-2020 13:00,0,0,0,9.2,0,8.3,7.4,10.2,88,1025.2,2,7,2,170,2,11,0,35000,23,7
01-jan-2020 14:00,0,0,0,9.1,0,8.2,7.1,10.1,88,1025,2,8,2,190,2,11,0,40000,22,7
01-jan-2020 15:00,0,0,0,9.1,0,7.9,6.6,9.7,84,1024.6,2,7,2,190,2,11,0.1,45000,23,7
01-jan-2020 16:00,0,0,0,8.6,0,7.8,6.9,9.9,89,1023.9,2,7,2,180,2,11,0,45000,240,7
01-jan-2020 17:00,3,0,0,7.7,0,7.3,6.9,9.9,94,1023.7,2,8,2,190,2,11,0,40000,20,5
01-jan-2020 18:00,3,0,0,8.2,0,7.9,7.5,10.4,96,1023.2,2,9,2,180,2,11,0,35000,15,6
01-jan-2020 19:00,3,0,0,8.4,0,7.7,6.8,9.9,90,1023.1,2,11,2,190,2,11,0,30000,15,7
01-jan-2020 20:00,0,0,0,8.1,0,7.3,6.3,9.6,89,1022.3,2,12,2,180,2,11,0,25000,12,7
01-jan-2020 21:00,2,0,0,7.2,0,6.8,6.4,9.6,94,1021.6,2,15,2,180,21,62,0,20000,11,7
01-jan-2020 22:00,2,0,0,7.2,0,6.8,6.4,9.6,94,1020.9,2,15,2,180,21,62,0,7000,8,7
01-jan-2020 23:00,2,0,0,7.6,0,7.1,6.5,9.7,93,1020.2,2,12,2,190,60,62,0,20000,10,7
02-jan-2020 00:00,2,0,0,7.8,0,7.5,7.1,10.1,96,1019.4,2,13,2,190,21,62,0,20000,7,7
02-jan-2020 01:00,0,0.1,0,8,0,7.6,7.2,10.1,94,1018.2,2,15,2,190,20,52,0,20000,7,7
02-jan-2020 02:00,2,0,0,8.2,0,7.9,7.5,10.4,96,1017.4,2,13,2,180,50,52,0,5000,5,7
02-jan-2020 03:00,0,0.1,0,8.1,0,7.9,7.7,10.5,97,1016.3,2,12,2,180,50,52,0,4000,4,7
02-jan-2020 04:00,0,0.2,0,8.4,0,8.3,8.1,10.9,99,1015.2,2,12,2,190,51,55,0,2500,3,7
02-jan-2020 05:00,0,0.3,0,8.9,0,8.8,8.6,11.2,99,1014.2,2,14,2,190,60,62,0,1600,2,7
02-jan-2020 06:00,0,0.4,0,8.7,0,8.6,8.4,11.1,99,1013.4,2,18,2,190,60,65,0,25000,3,7
02-jan-2020 07:00,0,0.1,0,9,0,8.9,8.7,11.3,99,1012.9,2,19,2,190,60,62,0,3000,3,7
02-jan-2020 08:00,0,0.1,0,9.1,0,8.9,8.7,11.2,97,1011.6,2,15,2,180,61,66,0,4000,3,7
02-jan-2020 09:00,0,0.4,0,9.5,0,9.3,9.1,11.5,97,1011,2,17,2,180,61,62,0,3000,3,7
02-jan-2020 10:00,0,0.5,0,9.7,0,9.6,9.4,11.9,99,1010.3,2,18,2,190,61,66,0,2000,3,8
02-jan-2020 11:00,0,0.7,0,9.9,0,9.8,9.7,12,99,1009.3,2,19,2,200,61,66,0,2000,3,8
02-jan-2020 12:00,0,2.5,0,10.2,0,10.1,9.9,12.3,99,1008.8,2,21,2,200,61,62,0,4000,3,8
02-jan-2020 13:00,0,0.5,0,10.3,0,10.1,9.8,12.2,97,1008,2,21,2,210,21,62,0,20000,5,7
02-jan-2020 14:00,2,0,0,10.6,0,10,9.4,11.8,92,1007.3,2,22,2,210,21,62,0,20000,12,7
02-jan-2020 15:00,0,0,0,10.6,0,10.1,9.5,12,94,1006.9,2,20,2,210,2,62,0,20000,12,7
02-jan-2020 16:00,2,0,0,10.1,0,9.4,8.7,11.2,91,1006.8,2,20,2,210,21,62,0,20000,15,7
02-jan-2020 17:00,0,0,0,9.9,0,9.3,8.6,11.2,92,1007.3,2,19,2,210,2,11,0,18000,15,7
02-jan-2020 18:00,0,0.4,0,9.6,0,9,8.4,11,92,1007.8,2,16,2,230,60,62,0,4000,12,7
02-jan-2020 19:00,0,0.1,0,9.2,0,8.8,8.4,11,95,1007.9,2,12,2,220,60,62,0,6000,12,7
02-jan-2020 20:00,2,0,0,9.1,0,8.8,8.5,11.1,96,1008.5,2,10,2,230,21,62,0,20000,8,7
02-jan-2020 21:00,0,0,0,9.2,0,8.9,8.5,11.2,96,1008.9,2,9,2,230,2,62,0,20000,6,7
02-jan-2020 22:00,2,0,0,9.1,0,8.6,8,10.8,93,1009.6,2,9,2,230,50,52,0,9000,4,7
02-jan-2020 23:00,0,0.2,0,8.1,0,7.6,7,10,93,1011.4,2,12,2,250,21,65,0,7000,7,7
03-jan-2020 00:00,0,0,0,7.3,0,6.8,6.3,9.5,93,1013.2,2,16,2,310,2,65,0,20000,5,7
03-jan-2020 01:00,0,0,0,6.3,0,5.4,4.2,8.2,86,1014.6,2,23,2,330,2,11,0,20000,35,4
03-jan-2020 02:00,0,0,0,5.1,0,4.2,2.8,7.5,86,1016.2,2,19,2,320,2,11,0,20000,999,3
03-jan-2020 03:00,0,0,0,5.3,0,4.4,3,7.6,86,1018,2,18,2,330,2,11,0,20000,999,1
03-jan-2020 04:00,0,0,0,5,0,3.9,2.2,7.2,83,1019.6,2,16,2,320,2,11,0,20000,999,1
03-jan-2020 05:00,0,0,0,4.8,0,3.5,1.6,6.8,79,1021.4,2,10,2,310,2,11,0,20000,999,1
03-jan-2020 06:00,0,0,0,4.7,0,3.5,1.6,6.9,81,1023.3,2,8,2,300,2,11,0,20000,999,1
03-jan-2020 07:00,0,0,0,4.8,0,3.5,1.6,6.8,79,1024.9,2,7,2,310,2,11,0,30000,999,1
03-jan-2020 08:00,0,0,0,4.6,0,3.4,1.6,6.8,81,1026.1,2,11,2,310,2,11,0,20000,999,2
03-jan-2020 09:00,3,0,0,4.4,0,3.3,1.7,6.9,82,1027.5,2,7,2,300,2,11,0.6,25000,999,1
03-jan-2020 10:00,3,0,0,5.4,0,3.9,1.6,6.9,77,1028.7,2,5,2,270,2,11,1,30000,999,1
03-jan-2020 11:00,0,0,0,5.9,0,4.4,2.2,7.2,77,1030,2,6,2,280,2,11,1,40000,999,1
03-jan-2020 12:00,0,0,0,7,0,5.1,2.4,7.3,73,1030,2,9,2,300,2,11,1,40000,999,1
03-jan-2020 13:00,0,0,0,7.6,0,5.5,2.7,7.3,70,1030.2,2,9,2,280,2,11,0.9,40000,999,1
03-jan-2020 14:00,0,0,0,8.1,0,5.9,2.8,7.5,70,1030.7,2,10,2,270,2,11,1,50000,999,3
03-jan-2020 15:00,0,0,0,8.3,0,5.9,2.6,7.4,67,1031.2,2,7,2,250,2,11,0.8,60000,999,1
03-jan-2020 16:00,0,0,0,7,0,5.1,2.4,7.3,73,1032.1,2,7,2,260,2,11,0.1,40000,999,3
03-jan-2020 17:00,0,0,0,5.2,0,3.9,2,7,80,1033.3,2,4,2,240,2,11,0,40000,999,3
03-jan-2020 18:00,0,0,0,4.7,0,3.5,1.7,6.9,81,1033.5,2,4,2,240,2,11,0,20000,999,1
03-jan-2020 19:00,0,0,0,5.3,0,4,2,7.1,80,1033.7,2,6,2,230,2,11,0,20000,999,1
03-jan-2020 20:00,3,0,0,3.1,0,2.4,1.4,6.7,88,1034.6,2,6,2,230,2,11,0,30000,28,6
03-jan-2020 21:00,3,0,0,4.2,0,3.6,2.6,7.4,90,1034.9,2,5,2,240,2,11,0,30000,27,7
03-jan-2020 22:00,3,0,0,5,0,4.3,3.3,7.7,89,1035.2,2,7,2,240,2,11,0,30000,26,6
03-jan-2020 23:00,0,0,0,5.3,0,4.7,3.9,8.1,91,1035.3,2,9,2,250,2,11,0,30000,26,7
04-jan-2020 00:00,0,0,0,6,0,5,3.5,7.9,85,1035.3,2,8,2,250,2,11,0,30000,27,7
04-jan-2020 01:00,0,0,0,4.7,0,4,3.1,7.6,89,1035.2,2,7,2,220,2,11,0,30000,27,6
04-jan-2020 02:00,0,0,0,5.1,0,4.4,3.3,7.8,89,1035.4,2,7,2,240,2,11,0,30000,33,6
04-jan-2020 03:00,3,0,0,4,0,3.6,2.9,7.6,93,1035.3,2,5,2,230,2,11,0,25000,30,5
04-jan-2020 04:00,3,0,0,4.2,0,3.8,3.3,7.7,93,1035.1,2,5,2,240,2,11,0,30000,999,3
04-jan-2020 05:00,3,0,0,3.7,0,3.5,3.3,7.7,97,1035.1,2,4,2,230,2,11,0,30000,180,5
04-jan-2020 06:00,3,0,0,3.3,0,3.1,2.9,7.5,97,1034.9,2,6,2,230,2,11,0,25000,170,4
04-jan-2020 07:00,3,0,0,4.1,0,4,3.9,8,98,1035.1,2,6,2,210,2,11,0,25000,170,5
04-jan-2020 08:00,3,0,0,4.6,0,4.5,4.3,8.3,98,1035.2,2,6,2,200,2,11,0,25000,21,6
04-jan-2020 09:00,1,0.1,0,4.3,0,4.1,3.9,8,97,1035.3,2,6,2,220,2,11,0.4,25000,180,7
04-jan-2020 10:00,0,0,0,6.1,0,5.8,5.3,9,95,1035.8,2,6,2,210,2,11,0,20000,17,7
04-jan-2020 11:00,0,0,0,6.6,0,6.3,6,9.3,95,1035.7,2,6,2,210,2,11,0.2,25000,220,5
04-jan-2020 12:00,0,0,0,7.5,0,6.9,6.1,9.5,91,1035.2,2,7,2,220,2,11,0.1,30000,27,7
04-jan-2020 13:00,0,0.1,0,8.1,0,7.6,7,10,93,1034.6,2,7,2,220,60,62,0.4,25000,12,7
04-jan-2020 14:00,2,0,0,8.1,0,7.2,6.2,9.4,87,1034,2,9,2,220,21,62,0.1,35000,30,7
04-jan-2020 15:00,0,0.1,0,7.8,0,7.3,6.8,9.8,93,1034,2,8,2,220,21,62,0.6,30000,200,4
04-jan-2020 16:00,0,0,0,7.6,0,6.9,6.1,9.4,90,1033.6,2,8,2,210,2,11,0,30000,28,7
04-jan-2020 17:00,0,0,0,7,0,6.5,5.8,9.3,93,1033.8,2,8,2,210,2,11,0,25000,15,6
04-jan-2020 18:00,0,0,0,6.9,0,6.6,6.2,9.5,96,1033.7,2,6,2,210,3,62,0,20000,14,7
04-jan-2020 19:00,0,0.1,0,7.4,0,7.3,7.1,10.1,99,1033.6,2,6,2,190,58,65,0,5000,3,7
04-jan-2020 20:00,0,0.1,0,7.6,0,7.4,7.2,10.1,97,1033.5,2,8,2,210,58,65,0,12000,4,7
04-jan-2020 21:00,2,0,0,7.7,0,7.4,7.1,10.1,96,1033.3,2,10,2,210,50,65,0,12000,7,7
04-jan-2020 22:00,0,0.2,0,7.8,0,7.7,7.5,10.4,99,1032.8,2,11,2,210,58,65,0,6000,3,8
04-jan-2020 23:00,0,0.3,0,8,0,7.9,7.7,10.6,99,1032.4,2,12,2,200,58,65,0,3000,2,8
05-jan-2020 00:00,0,0.2,0,8.1,0,8,7.8,10.6,99,1031.8,2,14,2,200,50,65,0,8000,4,7
05-jan-2020 01:00,2,0,0,8.1,0,7.8,7.4,10.3,96,1031.5,2,14,2,210,20,52,0,18000,6,7
05-jan-2020 02:00,0,0.5,0,8.3,0,8.1,7.9,10.6,97,1031.1,2,13,2,210,58,65,0,3000,3,7
05-jan-2020 03:00,0,0.4,0,7.9,0,7.7,7.4,10.3,97,1030.9,2,13,2,230,21,65,0,20000,7,7
05-jan-2020 04:00,2,0,0,7.9,0,7.7,7.4,10.3,97,1030.8,2,12,2,210,21,65,0,20000,7,7
05-jan-2020 05:00,0,0.3,0,8.3,0,8.2,8.1,10.8,99,1030.3,2,11,2,210,58,65,0,6000,3,7
05-jan-2020 06:00,0,0.1,0,8.5,0,8.3,8,10.8,97,1029.6,2,14,2,210,50,65,0,8000,4,7
05-jan-2020 07:00,0,0.1,0,8.5,0,8.3,8,10.8,97,1029.5,2,11,2,210,50,52,0,6000,3,8
05-jan-2020 08:00,0,0.2,0,8.5,0,8.3,8.1,10.8,97,1029.2,2,13,2,190,60,62,0,1600,2,7
05-jan-2020 09:00,0,0.2,0,8.5,0,8.4,8.2,10.9,99,1029.3,2,15,2,190,60,65,0,4000,3,7
05-jan-2020 10:00,0,0.2,0,8.6,0,8.5,8.3,11,99,1029.5,2,14,2,200,60,62,0,4000,3,7
05-jan-2020 11:00,2,0,0,8.6,0,8.5,8.3,11,99,1029.6,2,14,2,210,60,62,0,18000,3,7
05-jan-2020 12:00,0,0.1,0,8.5,0,8.4,8.2,10.9,99,1028.9,2,14,2,210,60,65,0,4500,3,7
05-jan-2020 13:00,0,0.2,0,8.6,0,8.5,8.3,11,99,1028,2,12,2,210,60,62,0,3500,3,7
05-jan-2020 14:00,0,0.3,0,8.6,0,8.4,8.2,10.9,97,1027.3,2,14,2,210,60,62,0,5000,5,7
05-jan-2020 15:00,0,0.2,0,8.1,0,7.9,7.7,10.5,97,1026.7,2,14,2,190,60,62,0,5000,5,7
05-jan-2020 16:00,2,0,0,7.9,0,7.6,7.3,10.2,96,1026.2,2,13,2,200,60,62,0,6000,6,7
05-jan-2020 17:00,0,0.1,0,7.8,0,7.4,6.9,10,94,1025.6,2,12,2,190,21,62,0,20000,7,7
05-jan-2020 18:00,2,0,0,7.8,0,7.5,7.2,10.1,96,1024.9,2,11,2,190,60,62,0,4000,6,7
05-jan-2020 19:00,0,0.3,0,7.6,0,7.4,7.2,10.1,97,1024.1,2,12,2,190,60,62,0,9000,4,7
05-jan-2020 20:00,0,0.3,0,7.3,0,7.1,6.8,9.9,97,1023.3,2,14,2,190,21,65,0,25000,8,7
05-jan-2020 21:00,2,0,0,7.3,0,6.8,6.2,9.5,93,1022.3,2,17,2,190,21,65,0,25000,12,7
05-jan-2020 22:00,2,0,0,7.4,0,6.9,6.3,9.5,93,1021.3,2,16,2,190,50,52,0,12000,10,8
05-jan-2020 23:00,0,0.4,0,7.4,0,7.1,6.7,9.8,96,1020.7,2,12,2,180,58,65,0,12000,7,8
06-jan-2020 00:00,0,0.2,0,7.6,0,7.1,6.6,9.7,93,1019.1,2,15,2,190,58,65,0,6000,12,8
06-jan-2020 01:00,0,0.1,0,7.6,0,7,6.3,9.5,91,1017.6,2,20,2,180,58,65,0,8000,12,8
06-jan-2020 02:00,0,0.1,0,7.9,0,7.3,6.7,9.7,91,1016,2,18,2,190,58,65,0,9000,11,8
06-jan-2020 03:00,2,0,0,8.3,0,7.2,5.9,9.3,85,1014.7,2,20,2,190,20,65,0,20000,14,7
06-jan-2020 04:00,2,0,0,8.6,0,7.4,5.9,9.3,84,1013.1,2,20,2,180,20,52,0,20000,20,7
06-jan-2020 05:00,2,0,0,8.7,0,7.6,6.3,9.6,85,1011.5,2,19,2,190,20,52,0,25000,13,7
06-jan-2020 06:00,0,0.4,0,8.4,0,7.9,7.3,10.2,93,1009.4,2,19,2,180,60,65,0,6000,9,8
06-jan-2020 07:00,0,4.5,0,8.3,0,8.2,8,10.8,99,1008.1,2,19,2,180,63,66,0,3000,5,8
06-jan-2020 08:00,0,3.8,0,8.7,0,8.6,8.4,11.1,99,1006.8,2,23,2,190,63,66,0,3000,4,7
06-jan-2020 09:00,0,1.1,0,9.7,0,9.5,9.2,11.7,97,1006.8,2,24,2,190,21,62,0.1,20000,7,7
06-jan-2020 10:00,0,0,0,8.9,0,7.9,6.8,9.8,86,1009.8,2,16,2,260,2,11,1,30000,999,1
06-jan-2020 11:00,0,0,0,9.5,0,8,6.3,9.5,80,1011.1,2,12,2,250,2,11,1,30000,999,1
06-jan-2020 12:00,0,0,0,9.8,0,8,5.8,9.3,77,1011.9,2,13,2,230,3,61,0.7,25000,999,3
06-jan-2020 13:00,0,0.3,0,9.6,0,7.8,5.7,9.1,76,1013.1,2,14,2,260,25,80,1,30000,999,1
06-jan-2020 14:00,0,0,0,9.9,0,7.6,4.8,8.6,71,1013.7,2,14,2,250,2,11,1,35000,999,1
06-jan-2020 15:00,0,0,0,9.7,0,7.4,4.6,8.5,70,1015.3,2,12,2,260,2,80,0.8,35000,999,1
06-jan-2020 16:00,0,0,0,7.9,0,6.5,4.6,8.6,80,1016.6,2,11,2,250,2,11,0,40000,999,3
06-jan-2020 17:00,0,0,0,7.5,0,6.2,4.5,8.4,81,1017.6,2,8,2,250,2,11,0,40000,999,1
06-jan-2020 18:00,3,0,0,4.8,0,4.2,3.3,7.8,90,1018.5,2,7,2,230,2,80,0,35000,999,1
06-jan-2020 19:00,3,0,0,5.3,0,4.8,4.1,8.2,92,1018.9,2,7,2,210,2,11,0,35000,999,1
06-jan-2020 20:00,3,0,0,5.8,0,5.2,4.5,8.4,91,1019.3,2,7,2,210,2,11,0,20000,180,6
06-jan-2020 21:00,3,0,0,6.3,0,5.8,5.1,8.8,92,1019.4,2,6,2,200,2,11,0,25000,190,6
06-jan-2020 22:00,3,0,0,7.5,0,7.1,6.6,9.8,94,1019.5,2,6,2,190,2,11,0,20000,100,7
06-jan-2020 23:00,0,0,0,8.1,0,7.6,7.1,10,93,1019.4,2,11,2,210,2,11,0,20000,90,7
07-jan-2020 00:00,3,0,0,8.5,0,7.9,7.2,10.2,92,1018.5,2,12,2,210,2,11,0,20000,100,7
07-jan-2020 01:00,0,0,0,8.7,0,7.9,7,10,89,1017.7,2,15,2,190,2,11,0,20000,70,8
07-jan-2020 02:00,0,0,0,8.7,0,8,7.2,10.2,90,1017.5,2,16,2,200,2,11,0,20000,60,8
07-jan-2020 03:00,0,0,0,9.1,0,8.3,7.3,10.3,89,1016.6,2,14,2,190,2,11,0,20000,35,8
07-jan-2020 04:00,2,0,0,9.4,0,9,8.6,11.2,95,1015.5,2,18,2,200,58,65,0,8000,6,8
07-jan-2020 05:00,0,0.1,0,10,0,10,9.9,12.3,100,1014.9,2,18,2,190,50,65,0,600,2,8
07-jan-2020 06:00,0,0.1,0,10.2,0,10.2,10.1,12.4,100,1013.9,2,18,2,190,50,65,0,600,2,8
07-jan-2020 07:00,0,0.1,0,10.3,0,10.3,10.2,12.5,100,1013.7,2,21,2,200,50,54,0,900,2,8
07-jan-2020 08:00,0,0.2,0,10.4,0,10.3,10.1,12.4,99,1013.6,2,17,2,210,58,65,0,2500,2,7
07-jan-2020 09:00,0,0.2,0,10.5,0,10.5,10.4,12.7,100,1013.6,2,16,2,200,58,65,0,1200,2,7
07-jan-2020 10:00,0,0.1,0,10.7,0,10.6,10.4,12.7,99,1013,2,18,2,200,58,65,0,1600,2,7
07-jan-2020 11:00,0,0.2,0,10.7,0,10.7,10.6,12.9,100,1012.5,2,21,2,200,58,65,0,1100,2,7
07-jan-2020 12:00,0,0.2,0,10.9,0,10.8,10.7,12.9,99,1012,2,20,2,210,58,65,0,3000,2,7
07-jan-2020 13:00,2,0,0,11.1,0,11,10.9,13,99,1010.7,2,20,2,210,58,65,0,2500,2,7
07-jan-2020 14:00,0,0.2,0,11.3,0,11.1,11,13,97,1010.6,2,22,2,210,58,65,0,4000,3,7
07-jan-2020 15:00,0,0.3,0,11.5,0,11.3,11.1,13.2,98,1010.2,2,19,2,230,60,65,0,4000,3,7
07-jan-2020 16:00,0,0.1,0,11.6,0,11.4,11.2,13.3,98,1010.3,2,18,2,230,21,62,0,20000,5,7
07-jan-2020 17:00,0,0.1,0,11.6,0,11.3,11,13.1,96,1010.8,2,19,2,230,60,62,0,20000,6,7
07-jan-2020 18:00,2,0,0,11.6,0,11,10.5,12.6,93,1011.9,2,17,2,230,21,65,0,20000,12,7
07-jan-2020 19:00,0,0,0,11.4,0,10.5,9.6,12,89,1012.9,2,16,2,250,2,11,0,20000,15,7
07-jan-2020 20:00,0,0,0,10.4,0,9.5,8.6,11.1,88,1013.8,2,12,2,240,2,11,0,20000,16,6
07-jan-2020 21:00,2,0,0,10.5,0,9.6,8.6,11.2,88,1014.6,2,11,2,250,50,52,0,20000,18,7
07-jan-2020 22:00,2,0,0,9.8,0,8.4,6.8,9.9,82,1015.5,2,14,2,250,20,51,0,4000,999,3
07-jan-2020 23:00,0,0,0,8.9,0,8,6.9,10,88,1016.4,2,8,2,230,2,11,0,20000,999,3
08-jan-2020 00:00,0,0,0,9,0,8,6.8,9.9,86,1017.3,2,9,2,250,3,51,0,20000,999,4
08-jan-2020 01:00,0,0,0,8.7,0,7.3,5.6,9.1,81,1018.4,2,8,2,240,2,11,0,20000,999,3
08-jan-2020 02:00,0,0,0,8.3,0,6.9,5.2,8.8,81,1018.4,2,6,2,260,2,11,0,20000,999,4
08-jan-2020 03:00,0,0,0,7.3,0,6.3,5,8.7,86,1019.9,2,5,2,240,2,11,0,20000,140,5
08-jan-2020 04:00,0,0,0,6.6,0,5.9,5.1,8.7,90,1020.1,2,5,2,210,2,11,0,20000,140,5
08-jan-2020 05:00,0,0,0,7.2,0,6.1,4.7,8.5,84,1020.9,2,6,2,230,2,11,0,20000,130,5
08-jan-2020 06:00,0,0,0,6.4,0,5.8,5,8.7,91,1020.9,2,5,2,230,2,11,0,20000,110,6
08-jan-2020 07:00,0,0,0,6.5,0,5.9,5.1,8.8,91,1021.4,2,6,2,230,2,11,0,20000,110,6
08-jan-2020 08:00,0,0,0,6.8,0,5.9,4.8,8.6,87,1021.6,2,6,2,250,2,11,0,25000,170,6
08-jan-2020 09:00,0,0,0,5.6,0,5,4.3,8.2,91,1022.2,2,3,2,220,2,11,0,30000,170,7
08-jan-2020 10:00,0,0,0,5.9,0,5.3,4.5,8.4,91,1022.8,2,5,2,230,2,11,0,35000,180,7
08-jan-2020 11:00,0,0,0,6.8,0,6,4.9,8.7,88,1023,2,4,2,230,2,11,0,30000,200,7
08-jan-2020 12:00,0,0,0,6.9,0,6.2,5.4,8.9,90,1022.9,2,3,2,220,2,11,0,30000,250,7
08-jan-2020 13:00,0,0,0,7,0,6.1,4.9,8.7,87,1021.7,2,2,2,180,2,11,0,35000,250,7
08-jan-2020 14:00,0,0,0,7.2,0,6.3,5.2,8.8,87,1020.6,2,2,2,150,2,11,0,30000,200,7
08-jan-2020 15:00,0,0,0,7.1,0,6.3,5.3,8.9,88,1019.3,2,3,2,110,2,11,0,30000,110,7
08-jan-2020 16:00,0,0,0,7,0,6.4,5.6,9.1,91,1018.5,2,5,2,100,2,11,0,25000,60,7
08-jan-2020 17:00,0,0,0,7,0,6.1,5,8.7,87,1016.7,2,5,2,100,2,11,0,20000,110,7
08-jan-2020 18:00,0,0.8,0,6.2,0,5.5,4.6,8.5,89,1016.2,2,7,2,110,60,62,0,9000,25,7
08-jan-2020 19:00,0,2.5,0,5.8,0,5.2,4.3,8.4,91,1014,2,8,2,110,63,66,0,9000,21,7
08-jan-2020 20:00,0,1.5,0,5.4,0,4.9,4.1,8.3,92,1011.2,2,13,2,90,61,66,0,9000,15,8
08-jan-2020 21:00,0,1.9,0,5.1,0,4.9,4.7,8.5,97,1008,2,16,2,80,61,66,0,6000,6,8
08-jan-2020 22:00,0,0.7,0,5.7,0,5.5,5.2,8.9,97,1004.5,2,19,2,80,61,66,0,4000,5,8
08-jan-2020 23:00,0,2.3,0,6,0,5.7,5.4,8.9,95,1002.7,2,21,2,80,63,66,0,4000,5,8
09-jan-2020 00:00,0,1.3,0,6.4,0,6.2,6,9.3,97,1000.4,2,17,2,70,61,66,0,4000,5,8
09-jan-2020 01:00,0,1.2,0,5.2,0,5.1,4.9,8.7,98,999.6,2,15,2,40,61,66,0,1200,2,8
09-jan-2020 02:00,0,1.5,0,1.6,0,1.3,0.9,6.5,94,1002.4,2,26,2,310,21,62,0,20000,7,5
09-jan-2020 03:00,0,0,0,2,0,1.5,0.7,6.4,91,1003.8,2,17,2,330,1,61,0,20000,999,1
09-jan-2020 04:00,3,0,0,1.7,0,1.2,0.4,6.3,91,1004.4,2,16,2,350,2,11,0,20000,999,1
09-jan-2020 05:00,3,0,0,1.4,0,1,0.3,6.2,92,1005.4,2,7,2,260,2,11,0,20000,999,1
09-jan-2020 06:00,3,0,0,1.4,0,1,0.3,6.2,92,1006,2,6,2,280,3,61,0,20000,999,1
09-jan-2020 07:00,3,0,0,1.2,0,0.9,0.3,6.3,94,1005.7,2,6,2,300,2,11,0,20000,999,1
09-jan-2020 08:00,3,0,0,0.6,0,0.3,-0.1,6,94,1005,2,7,2,320,2,11,0,30000,999,1
09-jan-2020 09:00,3,0,0,0.7,0,0.5,0.2,6.2,96,1005.1,2,8,2,10,2,11,0,30000,200,5
09-jan-2020 10:00,3,0,0,0.9,0,0.7,0.3,6.3,96,1003.9,2,5,2,30,2,11,0,25000,200,6
09-jan-2020 11:00,0,0,0,1.6,0,1.3,0.9,6.5,94,1004.9,2,4,2,40,2,11,0.1,25000,200,6
09-jan-2020 12:00,0,0,0,2.6,0,2.2,1.6,6.8,93,1005.1,2,3,2,80,2,11,0,25000,5,7
09-jan-2020 13:00,0,0,0,3,0,2.7,2.2,7.2,95,1004.9,2,5,2,360,2,11,0,20000,5,8
09-jan-2020 14:00,0,0,0,3.3,0,2.9,2.4,7.2,93,1005.7,2,6,2,320,2,11,0,18000,4,8
09-jan-2020 15:00,0,0,0,2.6,0,2.3,1.7,7,95,1007,2,10,2,330,2,11,0,25000,11,7
09-jan-2020 16:00,0,0,0,2.7,0,2.4,1.8,7,95,1008.3,2,14,2,340,2,11,0,25000,5,8
09-jan-2020 17:00,0,0,0,2.3,0,2.1,1.7,6.9,96,1009.6,2,14,2,330,2,11,0,25000,4,7
09-jan-2020 18:00,0,0,0,2.6,0,2.2,1.6,6.8,93,1011.1,2,13,2,330,2,11,0,20000,4,7
09-jan-2020 19:00,0,0,0,3,0,2.6,2,7,93,1012.7,2,8,2,320,2,11,0,20000,7,7
09-jan-2020 20:00,0,0,0,3.3,0,3,2.5,7.3,95,1014,2,8,2,300,2,11,0,20000,12,7
09-jan-2020 21:00,0,0,0,5.8,0,4.8,3.4,7.8,85,1015.1,2,12,2,300,2,11,0,20000,15,7
09-jan-2020 22:00,0,0,0,5.7,0,4.5,2.8,7.5,82,1016.6,2,17,2,320,2,11,0,20000,999,3
09-jan-2020 23:00,0,0,0,5.6,0,4.5,2.9,7.5,83,1018.4,2,18,2,320,2,11,0,25000,35,4
10-jan-2020 00:00,0,0,0,4.8,0,3.8,2.4,7.2,84,1019.8,2,7,2,260,2,11,0,25000,40,6
10-jan-2020 01:00,0,0,0,5.2,0,3.6,1.2,6.6,75,1020.5,2,13,2,310,2,11,0,25000,999,2
10-jan-2020 02:00,0,0,0,4.3,0,2.9,0.7,6.4,77,1021.6,2,9,2,290,2,11,0,25000,999,1
10-jan-2020 03:00,0,0,0,4.2,0,3,1,6.6,80,1022.9,2,7,2,290,2,11,0,25000,999,1
10-jan-2020 04:00,0,0,0,2.5,0,1.7,0.3,6.3,86,1024,2,6,2,240,2,11,0,25000,999,1
10-jan-2020 05:00,3,0,0,1.8,0,1.1,-0.2,6.1,87,1024.1,2,6,2,220,2,11,0,25000,999,1
10-jan-2020 06:00,3,0,0,3,0,2,0.4,6.3,83,1024.6,2,6,2,230,2,11,0,25000,200,4
10-jan-2020 07:00,3,0,0,2.3,0,1.5,0.2,6.2,86,1024.6,2,4,2,220,2,11,0,30000,150,6
10-jan-2020 08:00,3,0,0,1.9,0,1.3,0.3,6.2,89,1025.1,2,4,2,210,2,11,0,30000,140,6
10-jan-2020 09:00,3,0,0,2,0,1.3,0.2,6.1,87,1024.8,2,3,2,190,2,11,0.2,35000,220,6
10-jan-2020 10:00,0,0,0,3.7,0,2.7,1.2,6.6,83,1024.5,2,5,2,180,2,11,0.5,40000,220,5
10-jan-2020 11:00,0,0,0,6.5,0,5.1,3.2,7.7,79,1024.6,2,7,2,190,2,11,0.8,45000,90,6
10-jan-2020 12:00,0,0,0,7.8,0,6.3,4.3,8.3,79,1023.3,2,13,2,210,2,11,0.4,40000,100,6
10-jan-2020 13:00,0,0,0,8.3,0,7,5.3,9,82,1022.5,2,16,2,190,2,11,0.1,35000,18,7
10-jan-2020 14:00,0,0,0,8.1,0,6.8,5.3,8.8,82,1022,2,17,2,190,2,11,0,30000,19,7
10-jan-2020 15:00,0,0.1,0,8.1,0,7.1,5.9,9.3,86,1021.3,2,17,2,190,20,52,0,25000,26,7
10-jan-2020 16:00,2,0,0,8.4,0,7.3,6.1,9.3,85,1020.8,2,18,2,200,50,22,0,15000,15,8
10-jan-2020 17:00,2,0,0,8.6,0,7.7,6.6,9.8,88,1020.5,2,19,2,190,20,52,0,22000,17,8
10-jan-2020 18:00,0,0,0,8.9,0,7.9,6.8,9.8,86,1019.9,2,18,2,200,2,52,0,25000,13,8
10-jan-2020 19:00,0,0,0,9.1,0,8.3,7.3,10.3,89,1019.2,2,22,2,210,2,11,0,20000,12,8
10-jan-2020 20:00,0,0,0,9.2,0,8.4,7.5,10.4,89,1018.7,2,23,2,200,2,11,0,18000,10,7
10-jan-2020 21:00,2,0,0,9,0,8.6,8.2,10.8,95,1018.8,2,22,2,200,58,65,0,3000,5,7
10-jan-2020 22:00,0,0.1,0,9,0,8.8,8.6,11.2,97,1018.6,2,20,2,200,58,65,0,3500,4,7
10-jan-2020 23:00,0,0.5,0,9.1,0,9,8.8,11.4,99,1018,2,19,2,190,60,65,0,2200,3,7
11-jan-2020 00:00,0,0.5,0,9.3,0,9.1,8.9,11.4,97,1017.3,2,22,2,210,61,65,0,2200,3,7
11-jan-2020 01:00,0,0.3,0,9.4,0,9.3,9.1,11.6,99,1016.7,2,23,2,210,61,66,0,2000,2,7
11-jan-2020 02:00,0,0.3,0,9.5,0,9.4,9.2,11.7,99,1016.2,2,22,2,190,61,66,0,2000,2,7
11-jan-2020 03:00,0,0.4,0,9.7,0,9.6,9.4,11.9,99,1015.6,2,21,2,190,61,66,0,2000,3,7
11-jan-2020 04:00,0,0.4,0,9.8,0,9.7,9.6,11.9,99,1014.8,2,22,2,210,61,66,0,1800,3,7
11-jan-2020 05:00,0,0.5,0,10,0,9.9,9.8,12.1,99,1014.2,2,21,2,200,61,66,0,2500,3,7
11-jan-2020 06:00,0,0.5,0,10.3,0,10.2,10.1,12.4,99,1013.6,2,21,2,200,61,66,0,2200,2,7
11-jan-2020 07:00,0,0.5,0,10.4,0,10.3,10.2,12.4,99,1013.1,2,25,2,210,61,66,0,2200,3,7
11-jan-2020 08:00,0,0.2,0,10.5,0,10.3,10.1,12.4,97,1013,2,26,2,210,61,66,0,2000,3,8
11-jan-2020 09:00,0,0.2,0,10.6,0,10.4,10.2,12.4,97,1012.8,2,24,2,210,50,65,0,4000,3,8
11-jan-2020 10:00,0,0.1,0,10.7,0,10.5,10.3,12.5,97,1012.1,2,25,2,210,20,52,0,9000,3,8
11-jan-2020 11:00,0,0,0,10.9,0,10.6,10.4,12.5,96,1012.2,2,27,2,210,10,22,0,5000,4,8
11-jan-2020 12:00,0,0.5,0,10.9,0,10.7,10.5,12.7,97,1011.6,2,27,2,210,58,65,0,3000,4,8
11-jan-2020 13:00,0,0.3,0,10.6,0,10.4,10.2,12.4,97,1012.1,2,21,2,210,50,65,0,6000,5,8
11-jan-2020 14:00,0,0.8,0,9.5,0,9.3,9.1,11.5,97,1012.4,2,12,2,240,21,65,0,15000,30,7
11-jan-2020 15:00,0,0.9,0,9,0,8.7,8.4,11,96,1012.7,2,10,2,230,60,65,0,16000,50,8
11-jan-2020 16:00,0,0.8,0,8.6,0,8.5,8.3,11,99,1013.1,2,10,2,210,60,65,0,35000,40,7
11-jan-2020 17:00,0,0.1,0,8.4,0,8.3,8.1,10.9,99,1013,2,10,2,210,21,65,0,30000,8,7
11-jan-2020 18:00,0,0.1,0,8.2,0,8,7.8,10.6,97,1013.3,2,9,2,230,60,65,0,20000,40,7
11-jan-2020 19:00,0,0.9,0,8.1,0,7.9,7.7,10.5,97,1013.6,2,8,2,230,25,86,0,20000,4,7
11-jan-2020 20:00,3,0,0,7.6,0,7.3,7,10,96,1013.7,2,6,2,250,2,11,0,20000,999,3
11-jan-2020 21:00,3,0,0,6.7,0,6.4,6.1,9.4,96,1013.6,2,7,2,250,1,86,0,20000,999,1
11-jan-2020 22:00,1,0.1,0,5.2,0,5.1,5,8.7,98,1013.7,2,4,2,200,46,41,0,900,1,7
11-jan-2020 23:00,3,0,0,5.3,0,5.2,5,8.8,98,1013.4,2,5,2,200,28,42,0,1100,2,5
12-jan-2020 00:00,3,0,0,5.7,0,5.6,5.5,9,98,1013.4,2,4,2,190,10,86,0,2000,2,6
12-jan-2020 01:00,0,0.1,0,7.2,0,7.1,7,10,99,1012.9,2,7,2,200,50,52,0,1600,2,7
12-jan-2020 02:00,0,0.4,0,7,0,6.9,6.7,9.9,99,1012.3,2,6,2,220,80,82,0,6000,5,7
12-jan-2020 03:00,0,1.3,0,6.6,0,6.5,6.3,9.6,98,1012.3,2,7,2,230,80,85,0,5000,18,7
12-jan-2020 04:00,0,1.2,0,5.5,0,5.2,4.7,8.6,95,1013.1,2,11,2,290,25,82,0,20000,40,7
12-jan-2020 05:00,0,0,0,4.6,0,4.3,3.8,8.1,95,1014,2,7,2,280,2,11,0,20000,999,3
12-jan-2020 06:00,0,0.1,0,4.6,0,4.2,3.7,7.9,93,1015.1,2,8,2,250,25,85,0,20000,999,3
12-jan-2020 07:00,0,0,0,4,0,3.8,3.6,7.9,97,1015.7,2,6,2,220,2,11,0,20000,18,6
12-jan-2020 08:00,3,0,0,3.1,0,2.9,2.7,7.4,96,1016.5,2,6,2,220,2,11,0,20000,999,2
12-jan-2020 09:00,3,0,0,3.2,0,2.8,2.2,7.1,93,1017,2,7,2,230,2,11,0.8,40000,999,1
12-jan-2020 10:00,3,0,0,4.6,0,4.1,3.4,7.8,92,1018,2,7,2,250,2,11,1,40000,999,1
12-jan-2020 11:00,0,0,0,6.1,0,5.4,4.5,8.4,89,1018.7,2,7,2,220,2,11,1,50000,999,1
12-jan-2020 12:00,0,0,0,6.8,0,5.9,4.8,8.6,87,1018.5,2,8,2,220,2,11,1,60000,999,1
12-jan-2020 13:00,0,0,0,7.6,0,6.3,4.7,8.5,82,1018.1,2,8,2,220,2,11,1,60000,999,2
12-jan-2020 14:00,0,0,0,8.1,0,6.4,4.3,8.2,76,1017.4,2,9,2,230,2,11,1,60000,999,3
12-jan-2020 15:00,0,0,0,7.5,0,6.1,4.2,8.3,80,1017,2,8,2,220,2,11,0.7,60000,999,2
12-jan-2020 16:00,2,0,0,6.4,0,4.8,2.6,7.3,76,1016.7,2,10,2,210,25,81,0.1,50000,999,4
12-jan-2020 17:00,0,0.1,0,4.2,0,3.6,2.7,7.4,90,1016.8,2,8,2,230,25,81,0,30000,999,3
12-jan-2020 18:00,0,0,0,3.6,0,3,2.2,7.1,90,1016.8,2,6,2,230,3,81,0,20000,999,3
12-jan-2020 19:00,0,0,0,3.7,0,3.1,2.1,7.1,90,1016.2,2,6,2,230,2,11,0,20000,999,1
12-jan-2020 20:00,2,0,0,4,0,3.3,2.2,7.2,88,1015.9,2,7,2,220,25,81,0,20000,200,5
12-jan-2020 21:00,0,0.1,0,4.8,0,3.9,2.6,7.4,86,1014.9,2,8,2,230,25,81,0,20000,21,6
12-jan-2020 22:00,3,0,0,3.2,0,2.7,2,7,91,1014,2,7,2,200,2,11,0,20000,999,1
12-jan-2020 23:00,3,0,0,3.7,0,3.1,2.3,7.1,90,1013.4,2,9,2,210,2,11,0,20000,999,1
13-jan-2020 00:00,3,0,0,4.8,0,4.1,3,7.6,89,1012.2,2,8,2,190,3,81,0,20000,999,3
13-jan-2020 01:00,3,0,0,5.7,0,4.7,3.3,7.7,85,1011,2,12,2,210,2,11,0,20000,999,3
13-jan-2020 02:00,0,0,0,6.9,0,5.7,4,8.2,82,1009.1,2,10,2,190,2,11,0,25000,21,5
13-jan-2020 03:00,0,0,0,7.1,0,5.8,4.2,8.2,81,1007.3,2,14,2,180,2,11,0,20000,22,6
13-jan-2020 04:00,0,0,0,7.4,0,6.1,4.4,8.4,81,1005.2,2,15,2,190,2,11,0,20000,23,6
13-jan-2020 05:00,0,1,0,7.2,0,6.6,5.9,9.3,91,1002.8,2,18,2,180,60,62,0,20000,15,7
13-jan-2020 06:00,0,0.1,0,7.8,0,7,6,9.4,89,1000.5,2,20,2,180,21,61,0,20000,12,7
13-jan-2020 07:00,0,0.2,0,8,0,7,5.9,9.2,86,997.9,2,20,2,190,21,62,0,20000,14,7
13-jan-2020 08:00,2,0,0,8.3,0,7.3,6,9.4,86,994.9,2,23,2,170,21,62,0,20000,15,8
13-jan-2020 09:00,2,0,0,8.5,0,7.3,5.8,9.3,84,992,2,24,2,160,60,62,0,20000,15,8
13-jan-2020 10:00,0,2.6,0,7.9,0,7.7,7.4,10.3,97,988.6,2,26,2,160,63,66,0,6000,9,8
13-jan-2020 11:00,0,4.4,0,8.1,0,8,7.9,10.6,99,984,2,28,2,170,63,66,0,4000,7,8
13-jan-2020 12:00,0,4.3,0,8.5,0,8.5,8.4,11.1,100,984.4,2,30,2,170,63,62,0,2500,6,8
13-jan-2020 13:00,0,0.9,0,6.6,0,6.4,6.2,9.4,97,983.7,2,21,2,210,60,62,0.1,18000,12,8
13-jan-2020 14:00,0,0.2,0,7.6,0,6.7,5.5,9.1,87,983.8,2,20,2,220,21,62,0.4,18000,30,6
13-jan-2020 15:00,0,0,0,7.4,0,5.9,4,8.1,79,984.3,2,22,2,230,3,62,0.1,40000,28,7
13-jan-2020 16:00,0,0.2,0,5.4,0,4.5,3.3,7.7,86,985.4,2,22,2,230,25,81,0,40000,28,6
13-jan-2020 17:00,0,0,0,5.6,0,4.5,3,7.5,83,985.9,2,18,2,220,2,11,0,40000,50,6
13-jan-2020 18:00,0,0.4,0,4.2,0,3.3,1.9,7,85,987,2,20,2,230,25,86,0,40000,999,4
13-jan-2020 19:00,2,0,0,4.7,0,3.4,1.3,6.8,79,987.4,2,17,2,230,25,81,0,20000,999,4
13-jan-2020 20:00,0,0.1,0,4.3,0,3,1,6.5,79,988.1,2,16,2,230,25,81,0,25000,35,7
13-jan-2020 21:00,0,0,0,3.9,0,2.8,1,6.6,82,989.2,2,12,2,230,1,81,0,25000,80,5
13-jan-2020 22:00,2,0,0,4.6,0,3.1,0.6,6.4,76,989.7,2,13,2,220,80,22,0,20000,30,7
13-jan-2020 23:00,2,0,0,4.4,0,2.9,0.4,6.3,76,990.3,2,14,2,230,25,82,0,25000,50,7
14-jan-2020 00:00,0,0,0,4.1,0,2.9,0.9,6.6,80,990.3,2,9,2,220,2,81,0,25000,60,7
14-jan-2020 01:00,0,1.1,0,3.5,0,2.9,2.1,7,90,990.3,2,11,2,220,25,82,0,26000,38,7
14-jan-2020 02:00,3,0,0,2.7,0,2.2,1.4,6.8,91,989.6,2,9,2,230,2,11,0,25000,35,5
14-jan-2020 03:00,0,0.9,0,2.4,0,2.1,1.6,6.9,95,989.6,2,10,2,220,25,82,0,25000,30,5
14-jan-2020 04:00,0,0.3,0,2.4,0,2.2,1.8,7,96,989.3,2,10,2,210,25,82,0,25000,90,5
14-jan-2020 05:00,0,0,0,3,0,2.7,2.2,7.2,95,988.6,2,8,2,210,2,11,0,30000,90,7
14-jan-2020 06:00,0,0,0,4.2,0,3.7,2.9,7.6,92,987.9,2,8,2,210,2,82,0,25000,100,7
14-jan-2020 07:00,2,0,0,5.4,0,4.6,3.6,7.8,87,986.9,2,9,2,200,60,22,0,18000,40,8
14-jan-2020 08:00,0,0.6,0,4.6,0,4.1,3.4,7.8,92,985.9,2,10,2,200,60,62,0,18000,18,7
14-jan-2020 09:00,0,1.4,0,4.8,0,4.5,4.1,8.2,95,984.1,2,7,2,200,61,62,0,12000,18,8
14-jan-2020 10:00,0,2.4,0,4.6,0,4.4,4.1,8.2,97,982.7,2,5,2,200,61,66,0,6000,8,8
14-jan-2020 11:00,0,2.9,0,4.6,0,4.2,3.7,7.9,93,982.4,2,4,2,240,63,66,0,9000,16,8
14-jan-2020 12:00,0,1,0,4,0,3.7,3.3,7.7,95,982.2,2,9,2,290,21,62,0,30000,50,7
14-jan-2020 13:00,0,0,0,4.6,0,4.1,3.4,7.8,92,982.9,2,9,2,280,2,11,0.1,50000,60,7
14-jan-2020 14:00,0,0,0,5.1,0,4.4,3.3,7.8,89,984,2,10,2,250,2,11,0,60000,60,6
14-jan-2020 15:00,0,0,0,5.5,0,4.8,3.9,8,89,984.8,2,9,2,230,2,11,0,60000,100,6
14-jan-2020 16:00,0,0.1,0,5.2,0,4.3,2.9,7.6,86,986.5,2,11,2,230,25,82,0,60000,100,6
14-jan-2020 17:00,0,0.3,0,4,0,3.3,2.3,7.2,88,986.9,2,9,2,220,25,81,0,40000,250,4
14-jan-2020 18:00,0,0,0,3.7,0,2.8,1.5,6.7,85,988.4,2,11,2,230,1,81,0,20000,999,3
14-jan-2020 19:00,0,0,0,3.6,0,2.5,0.6,6.4,81,989.4,2,10,2,230,2,11,0,20000,999,1
14-jan-2020 20:00,0,0,0,3.8,0,2.7,0.9,6.5,82,989.8,2,11,2,230,2,11,0,20000,999,3
14-jan-2020 21:00,2,0,0,3.1,0,2.3,1,6.6,86,990.6,2,10,2,230,25,80,0,25000,999,3
14-jan-2020 22:00,0,0,0,2.7,0,2,0.8,6.5,88,991.4,2,10,2,230,2,11,0,25000,999,3
14-jan-2020 23:00,0,0,0,3.3,0,2.3,0.8,6.4,83,991.9,2,11,2,230,2,11,0,25000,60,5
15-jan-2020 00:00,0,0,0,3.3,0,2.3,0.8,6.4,83,992.7,2,12,2,230,1,81,0,25000,999,3
15-jan-2020 01:00,0,0,0,3.8,0,2.7,0.8,6.5,82,993.2,2,12,2,230,2,11,0,25000,220,5
15-jan-2020 02:00,2,0,0,3,0,2.2,1,6.5,86,994,2,13,2,230,25,82,0,25000,240,5
15-jan-2020 03:00,0,0,0,3.2,0,2.1,0.4,6.2,81,994.3,2,12,2,230,1,81,0,30000,999,4
15-jan-2020 04:00,0,0,0,3.4,0,2.3,0.4,6.3,81,994.8,2,12,2,230,2,11,0,30000,240,4
15-jan-2020 05:00,0,0,0,2.7,0,1.6,-0.3,6,81,995.8,2,11,2,230,2,11,0,30000,240,4
15-jan-2020 06:00,0,0.1,0,2.9,0,2.1,0.9,6.5,86,996.9,2,11,2,230,25,81,0,30000,60,4
15-jan-2020 07:00,2,0,0,2,0,1.3,0.2,6.1,87,997.8,2,11,2,220,25,81,0,30000,999,3
15-jan-2020 08:00,3,0,0,2.8,0,2,0.6,6.4,86,998.4,2,9,2,200,2,11,0,30000,999,2
15-jan-2020 09:00,0,0,0,2.7,0,1.9,0.6,6.4,86,999.7,2,12,2,230,1,81,0.8,30000,999,2
15-jan-2020 10:00,2,0,0,4.1,0,3.1,1.6,6.8,83,1000.7,2,11,2,230,25,80,0.9,30000,999,1
15-jan-2020 11:00,0,0.3,0,5.8,0,4.5,2.5,7.4,80,1002,2,14,2,230,80,81,0.7,20000,16,7
15-jan-2020 12:00,2,0,0,5.6,0,4.3,2.5,7.3,80,1002.3,2,14,2,230,25,81,1,40000,999,1
15-jan-2020 13:00,0,0,0,6.7,0,5.3,3.3,7.8,79,1002.8,2,16,2,210,2,11,0.5,35000,999,3
15-jan-2020 14:00,0,0,0,6.7,0,5.1,2.8,7.5,76,1003.4,2,16,2,210,2,11,0.4,25000,50,7
15-jan-2020 15:00,0,0,0,7,0,5.4,3.3,7.7,77,1004.1,2,14,2,230,2,11,0.5,30000,200,6
15-jan-2020 16:00,0,0.2,0,5.7,0,4.9,3.8,8,88,1005.3,2,14,2,220,25,81,0,35000,999,2
15-jan-2020 17:00,2,0,0,5,0,4,2.6,7.3,84,1006.1,2,13,2,210,25,81,0,40000,999,2
15-jan-2020 18:00,0,0,0,3.9,0,3.3,2.5,7.3,90,1007,2,9,2,210,2,81,0,35000,999,2
15-jan-2020 19:00,3,0,0,4.6,0,3.9,2.9,7.5,89,1007.6,2,9,2,210,2,11,0,25000,999,4
15-jan-2020 20:00,3,0,0,5.5,0,4.7,3.7,7.9,87,1007.7,2,7,2,190,2,11,0,25000,999,3
15-jan-2020 21:00,2,0,0,7.1,0,6.2,5,8.8,87,1007.3,2,8,2,180,80,11,0,20000,18,7
15-jan-2020 22:00,0,0,0,7.8,0,7,6,9.4,89,1006.5,2,12,2,170,2,11,0,20000,35,7
15-jan-2020 23:00,0,0,0,8.2,0,7.2,5.9,9.4,86,1006.5,2,15,2,170,2,11,0,25000,15,7
16-jan-2020 00:00,0,0,0,8.4,0,7.4,6.2,9.5,86,1005.5,2,16,2,170,2,81,0,20000,15,7
16-jan-2020 01:00,2,0,0,8.7,0,7.9,6.9,10,89,1004.5,2,18,2,160,60,62,0,20000,15,8
16-jan-2020 02:00,2,0,0,8.9,0,8.1,7.1,10.2,89,1003.8,2,18,2,170,60,62,0,18000,12,8
16-jan-2020 03:00,0,0.3,0,8.9,0,8.2,7.5,10.3,90,1003.1,2,19,2,160,60,62,0,18000,9,8
16-jan-2020 04:00,2,0,0,9,0,8.2,7.2,10.2,89,1002.3,2,19,2,160,21,62,0,20000,12,7
16-jan-2020 05:00,2,0,0,9,0,8.2,7.2,10.2,89,1001.1,2,18,2,160,21,62,0,18000,12,7
16-jan-2020 06:00,2,0,0,9,0,8.1,7,10.1,88,999.1,2,20,2,160,21,62,0,20000,13,8
16-jan-2020 07:00,2,0,0,9,0,8.1,7.1,10.1,88,998.2,2,24,2,160,21,62,0,18000,11,8
16-jan-2020 08:00,0,0.1,0,9,0,8.4,7.7,10.5,92,995.9,2,27,2,150,60,62,0,15000,9,7
16-jan-2020 09:00,0,6.1,0,9,0,8.8,8.6,11.2,97,993.7,2,25,2,150,65,62,0,8000,3,7
16-jan-2020 10:00,0,2.5,0,9.7,0,9.5,9.2,11.7,97,993,2,25,2,150,63,66,0,7000,5,7
16-jan-2020 11:00,0,0.8,0,9.5,0,9.3,9.1,11.5,97,993,2,15,2,180,61,66,0,20000,6,7
16-jan-2020 12:00,2,0,0,9.7,0,9.5,9.2,11.7,97,993.1,2,17,2,190,21,62,0.3,20000,7,7
16-jan-2020 13:00,0,0,0,8.7,0,7.6,6.3,9.6,85,994.2,2,15,2,230,2,11,1,35000,200,4
16-jan-2020 14:00,0,0,0,8.3,0,6.7,4.6,8.5,78,995.7,2,15,2,240,2,11,1,40000,999,3
16-jan-2020 15:00,0,0,0,8.4,0,7.2,5.8,9.2,83,997,2,13,2,230,2,11,0,35000,21,6
16-jan-2020 16:00,0,0.2,0,7.9,0,7.1,6.1,9.4,89,998,2,13,2,230,80,82,0,35000,21,7
16-jan-2020 17:00,2,0,0,6.6,0,5.9,5,8.7,90,999.1,2,9,2,220,25,81,0,30000,999,1
16-jan-2020 18:00,0,0.8,0,6.4,0,5.5,4.4,8.3,86,1000.3,2,8,2,230,80,81,0,25000,21,7
16-jan-2020 19:00,0,1.7,0,5.4,0,4.7,3.8,8,89,1001.3,2,6,2,230,25,82,0,20000,22,7
16-jan-2020 20:00,0,0,0,4.7,0,4.3,3.8,8,93,1002.1,2,4,2,200,2,11,0,20000,40,7
16-jan-2020 21:00,0,0.1,0,4.5,0,4.2,3.7,8,95,1002.6,2,5,2,210,25,82,0,30000,60,7
16-jan-2020 22:00,2,0,0,4.2,0,4,3.6,8,97,1003.2,2,3,2,200,25,82,0,30000,70,5
16-jan-2020 23:00,2,0,0,5,0,4.6,4.1,8.2,94,1003.7,2,1,2,280,25,82,0,30000,60,7
17-jan-2020 00:00,0,0,0,5.1,0,4.6,3.9,8.1,92,1004.1,2,4,2,280,2,82,0,30000,70,7
17-jan-2020 01:00,0,0,0,5,0,4.4,3.5,7.9,90,1004.5,2,5,2,280,2,11,0,30000,90,6
17-jan-2020 02:00,0,0,0,5,0,3.9,2.3,7.2,83,1004.8,2,5,2,280,2,11,0,30000,60,7
17-jan-2020 03:00,0,0,0,4.5,0,4.3,4,8.1,97,1005.7,2,5,2,250,2,11,0,30000,100,7
17-jan-2020 04:00,0,0,0,3.4,0,2.5,1.1,6.6,85,1006.7,2,7,2,270,2,11,0,30000,100,6
17-jan-2020 05:00,3,0,0,3.2,0,2.2,0.6,6.4,83,1007.9,2,10,2,250,2,11,0,35000,90,5
17-jan-2020 06:00,3,0,0,1.2,0,0.7,-0.1,6,90,1008.6,2,7,2,270,2,11,0,30000,150,4
17-jan-2020 07:00,3,0,0,1.3,0,0.8,-0.1,6.1,91,1009.4,2,8,2,230,2,11,0,35000,999,3
17-jan-2020 08:00,3,0,0,1,0,0.6,-0.2,6.1,92,1010.2,2,6,2,210,2,11,0,35000,999,1
17-jan-2020 09:00,3,0,0,2.2,0,1.5,0.3,6.2,87,1010.9,2,6,2,240,2,11,0,30000,21,6
17-jan-2020 10:00,0,0.2,0,2.3,0,1.7,0.8,6.4,89,1011.4,2,6,2,290,25,82,0.4,30000,22,4
17-jan-2020 11:00,0,0,0,2.7,0,2.1,1.1,6.6,89,1012.2,2,6,2,240,2,11,0.7,35000,23,4
17-jan-2020 12:00,0,0,0,4.6,0,3.3,1.2,6.7,79,1012.7,2,11,2,250,1,81,1,40000,999,1
17-jan-2020 13:00,0,0,0,5.5,0,3.8,1.1,6.7,74,1013.3,2,12,2,250,2,11,1,50000,999,1
17-jan-2020 14:00,0,0,0,5.9,0,4,1.2,6.6,71,1014.2,2,10,2,260,2,11,0.7,50000,999,1
17-jan-2020 15:00,0,0,0,5.5,0,3.9,1.4,6.8,75,1015.2,2,10,2,250,2,11,0.3,45000,24,7
17-jan-2020 16:00,2,0,0,4.6,0,3.7,2.4,7.2,85,1016.5,2,11,2,280,25,81,0.7,50000,999,1
17-jan-2020 17:00,0,0,0,3.5,0,2.7,1.5,6.8,86,1018.2,2,9,2,290,2,11,0,45000,999,1
17-jan-2020 18:00,0,0,0,3.6,0,2.8,1.6,6.8,86,1019.5,2,8,2,280,2,81,0,40000,999,1
17-jan-2020 19:00,0,0,0,3.2,0,2.5,1.4,6.8,88,1020.4,2,7,2,270,2,11,0,40000,999,1
17-jan-2020 20:00,3,0,0,2.7,0,2,0.8,6.5,88,1021.3,2,5,2,250,2,11,0,20000,999,1
17-jan-2020 21:00,3,0,0,2.7,0,1.8,0.3,6.2,84,1022.3,2,5,2,250,2,11,0,20000,999,1
17-jan-2020 22:00,0,0,0,3.5,0,2.3,0.2,6.2,80,1022.8,2,5,2,270,2,11,0,20000,999,1
17-jan-2020 23:00,0,0,0,3.2,0,2,0.1,6.1,79,1023.4,2,6,2,280,2,11,0,20000,999,1
18-jan-2020 00:00,0,0,0,3.8,0,2.2,-0.4,5.9,73,1024,2,4,2,280,2,11,0,20000,999,1
18-jan-2020 01:00,3,0,0,3.4,0,2,-0.4,5.9,76,1023.9,2,4,2,330,2,11,0,20000,999,1
18-jan-2020 02:00,3,0,0,1.6,0,0.9,-0.4,6,87,1023.7,2,4,2,320,2,11,0,20000,999,1
18-jan-2020 03:00,3,0,0,2,0,1.1,-0.4,5.9,84,1024.3,2,3,2,10,2,11,0,20000,999,1
18-jan-2020 04:00,3,0,0,2.1,0,1.1,-0.7,5.8,82,1024.6,2,2,2,120,2,11,0,20000,999,1
18-jan-2020 05:00,3,0,0,1.6,0,0.8,-0.7,5.8,85,1024.6,2,4,2,60,2,11,0,20000,999,1
18-jan-2020 06:00,3,0,0,2.4,0,1.7,0.4,6.3,87,1025,2,4,2,80,2,11,0,20000,999,1
18-jan-2020 07:00,3,0,0,1.7,0,1.1,0,6.1,89,1025.4,2,5,2,80,2,11,0,20000,999,1
18-jan-2020 08:00,3,0,0,2,0,1.5,0.7,6.4,91,1026.2,2,5,2,70,2,11,0,20000,999,2
18-jan-2020 09:00,3,0,0,2.2,0,1.7,0.9,6.5,91,1027.2,2,4,2,60,2,11,0.6,30000,999,3
18-jan-2020 10:00,3,0,0,2.4,0,1.8,0.7,6.5,89,1028.2,2,6,2,80,2,11,0.6,35000,999,3
18-jan-2020 11:00,3,0,0,3.4,0,2.6,1.3,6.7,86,1029.5,2,7,2,80,2,11,1,35000,999,1
18-jan-2020 12:00,0,0,0,4.8,0,3.9,2.6,7.4,86,1030,2,7,2,60,2,11,1,35000,999,1
18-jan-2020 13:00,0,0,0,6.2,0,5,3.3,7.8,82,1030.3,2,7,2,70,2,11,1,40000,999,1
18-jan-2020 14:00,0,0,0,7.1,0,5.5,3.2,7.7,77,1030.7,2,7,2,90,2,11,1,40000,999,1
18-jan-2020 15:00,0,0,0,7,0,5.2,2.7,7.4,74,1031.1,2,8,2,100,2,11,0.8,45000,999,1
18-jan-2020 16:00,0,0,0,6.2,0,4.6,2.2,7.2,76,1032.5,2,7,2,70,2,11,0.7,45000,180,4
18-jan-2020 17:00,3,0,0,5.1,0,4,2.3,7.2,83,1033.9,2,5,2,50,2,11,0,45000,999,2
18-jan-2020 18:00,3,0,0,4.3,0,3.1,1.1,6.7,80,1035.2,2,5,2,50,2,11,0,30000,999,2
18-jan-2020 19:00,3,0,0,3.6,0,2.7,1.4,6.7,85,1036.7,2,6,2,50,2,11,0,25000,999,3
18-jan-2020 20:00,3,0,0,3.2,0,2.5,1.3,6.8,88,1038,2,4,2,10,2,11,0,20000,999,1
18-jan-2020 21:00,3,0,0,2.8,0,2.1,0.9,6.5,88,1038.4,2,3,2,330,2,11,0,20000,999,1
18-jan-2020 22:00,3,0,0,2.7,0,1.8,0.2,6.2,84,1039,2,3,2,320,2,11,0,20000,999,1
18-jan-2020 23:00,3,0,0,2.1,0,1.4,0.1,6.2,87,1040.3,2,3,2,320,2,11,0,20000,999,1
19-jan-2020 00:00,3,0,0,2.1,0,1,-0.9,5.7,80,1040.7,2,3,2,320,2,11,0,20000,999,1
19-jan-2020 01:00,1,0.1,0,1.2,0,0.6,-0.4,5.9,89,1041.1,2,5,2,320,2,11,0,20000,999,1
19-jan-2020 02:00,3,0,0,0.7,0,0.2,-0.7,5.8,90,1041.3,2,4,2,320,2,11,0,20000,999,1
19-jan-2020 03:00,3,0,0,0.9,0,0.4,-0.6,5.9,90,1041.7,2,3,2,340,2,11,0,20000,999,1
19-jan-2020 04:00,3,0,0,1.5,0,0.6,-1,5.7,83,1042.4,2,2,2,40,2,11,0,20000,999,1
19-jan-2020 05:00,3,0,0,2.2,0,1,-1.2,5.6,78,1042.8,2,3,2,80,2,11,0,20000,999,1
19-jan-2020 06:00,3,0,0,2,0,1,-0.9,5.8,82,1043.1,2,4,2,100,2,11,0,20000,999,1
19-jan-2020 07:00,3,0,0,2.1,0,1.3,-0.1,6.1,85,1044.3,2,4,2,100,2,11,0,20000,999,1
19-jan-2020 08:00,3,0,0,2.1,0,1.4,0.2,6.2,87,1044.6,2,3,2,100,2,11,0.1,30000,999,1
19-jan-2020 09:00,3,0,0,2.8,0,2.1,1,6.5,88,1045.2,2,6,2,100,2,11,1,40000,999,1
19-jan-2020 10:00,3,0,0,3.8,0,2.7,0.9,6.5,82,1046.1,2,5,2,100,2,11,1,40000,999,1
19-jan-2020 11:00,0,0,0,5.2,0,4,2.3,7.2,81,1046.4,2,5,2,110,2,11,1,50000,999,1
19-jan-2020 12:00,0,0,0,6.5,0,5,2.8,7.5,78,1046.6,2,5,2,150,2,11,1,50000,999,1
19-jan-2020 13:00,0,0,0,7.1,0,5.4,3,7.6,75,1046.5,2,5,2,170,2,11,1,50000,999,1
19-jan-2020 14:00,0,0,0,7.6,0,5.7,3,7.6,73,1046.1,2,7,2,180,2,11,1,50000,999,1
19-jan-2020 15:00,0,0,0,7.3,0,5.5,3.1,7.6,74,1046.3,2,8,2,180,2,11,1,50000,999,3
19-jan-2020 16:00,0,0,0,6.8,0,5.3,3.2,7.7,78,1046.8,2,6,2,190,2,11,0.4,60000,999,3
19-jan-2020 17:00,3,0,0,3.9,0,3.1,1.8,7,87,1047.3,2,4,2,190,2,11,0,50000,999,2
19-jan-2020 18:00,0,0,0,3.1,0,2.5,1.5,6.8,90,1047.8,2,3,2,180,2,11,0,50000,999,3
19-jan-2020 19:00,3,0,0,2.8,0,2.3,1.4,6.8,91,1048.1,2,4,2,180,2,11,0,45000,999,3
19-jan-2020 20:00,3,0,0,3,0,2.5,1.8,6.9,91,1048.3,2,4,2,190,2,11,0,20000,999,4
19-jan-2020 21:00,3,0,0,2.9,0,2.5,1.8,7,93,1048.6,2,4,2,200,2,11,0,20000,999,4
19-jan-2020 22:00,3,0,0,2.5,0,2,1.3,6.7,91,1048.5,2,3,2,210,2,11,0,20000,999,2
19-jan-2020 23:00,3,0,0,2.3,0,1.9,1.2,6.7,93,1048.7,2,3,2,210,2,11,0,20000,999,2
20-jan-2020 00:00,3,0,0,1.7,0,1.3,0.7,6.4,93,1048.9,2,3,2,190,2,11,0,20000,999,1
20-jan-2020 01:00,3,0,0,1.2,0,0.9,0.3,6.3,94,1048.8,2,3,2,210,2,11,0,20000,999,1
20-jan-2020 02:00,3,0,0,0.7,0,0.5,0.1,6.2,96,1048.5,2,4,2,190,2,11,0,20000,999,1
20-jan-2020 03:00,3,0,0,1.3,0,1,0.4,6.3,94,1048.5,2,4,2,230,2,11,0,20000,999,1
20-jan-2020 04:00,3,0,0,2.4,0,2.1,1.6,6.9,95,1047.9,2,4,2,200,2,11,0,20000,999,1
20-jan-2020 05:00,1,0.1,0,1.6,0,1.2,0.5,6.3,93,1048,2,4,2,230,2,11,0,20000,999,2
20-jan-2020 06:00,3,0,0,1.1,0,0.8,0.2,6.2,94,1048.1,2,3,2,230,2,11,0,20000,999,3
20-jan-2020 07:00,3,0,0,0.8,0,0.5,0,6.1,94,1048.2,2,4,2,230,2,11,0,20000,999,1
20-jan-2020 08:00,3,0,0,2.5,0,2.2,1.7,6.9,95,1048.2,2,4,2,230,2,11,0,20000,999,1
20-jan-2020 09:00,3,0,0,3.4,0,2.9,2.2,7.1,91,1048.5,2,3,2,240,2,11,0.9,30000,999,1
20-jan-2020 10:00,0,0,0,4.2,0,3.4,2.3,7.2,87,1048.6,2,5,2,260,2,11,1,40000,999,1
20-jan-2020 11:00,0,0,0,5.4,0,4.5,3.2,7.7,86,1048.7,2,3,2,250,2,11,1,50000,999,1
20-jan-2020 12:00,0,0,0,6.3,0,5.2,3.6,8,83,1048.3,2,3,2,180,2,11,1,50000,999,1
20-jan-2020 13:00,0,0,0,7.2,0,6.1,4.8,8.5,84,1047.5,2,4,2,180,2,11,0.6,50000,999,3
20-jan-2020 14:00,0,0,0,7.9,0,6.4,4.4,8.4,79,1046.9,2,8,2,200,2,11,0.7,50000,50,4
20-jan-2020 15:00,0,0,0,7.5,0,6,4.1,8.1,79,1046.7,2,9,2,210,2,11,0.9,50000,20,5
20-jan-2020 16:00,0,0,0,7.3,0,5.7,3.6,7.9,77,1046.5,2,7,2,230,2,11,0.9,50000,999,1
20-jan-2020 17:00,0,0,0,5.7,0,4.5,2.7,7.5,82,1046.5,2,6,2,250,2,11,0,50000,999,1
20-jan-2020 18:00,3,0,0,3.7,0,3,1.9,7,88,1046.9,2,5,2,230,2,11,0,50000,999,1
20-jan-2020 19:00,3,0,0,4.4,0,3.6,2.3,7.3,87,1047.1,2,5,2,230,2,11,0,50000,999,3
20-jan-2020 20:00,3,0,0,4.4,0,3.5,2.2,7.1,85,1047.4,2,5,2,260,2,11,0,40000,999,3
20-jan-2020 21:00,3,0,0,4.7,0,3.8,2.5,7.3,85,1047,2,2,2,300,2,11,0,40000,999,2
20-jan-2020 22:00,3,0,0,4.6,0,3.6,2.2,7.1,84,1046.9,2,3,2,290,2,11,0,40000,999,2
20-jan-2020 23:00,3,0,0,4,0,3.2,2,7,87,1046.6,2,2,2,280,2,11,0,40000,999,2
21-jan-2020 00:00,3,0,0,4.7,0,3.7,2.1,7.2,84,1046,2,2,2,300,2,11,0,30000,24,5
21-jan-2020 01:00,3,0,0,5,0,3.8,2,7.1,81,1045.1,2,3,2,280,2,11,0,30000,999,3
21-jan-2020 02:00,1,0.1,0,5.2,0,4,2.1,7.2,81,1045.1,2,5,2,300,2,11,0,30000,25,7
21-jan-2020 03:00,3,0,0,5.5,0,4.1,2.1,7.1,78,1044.7,2,4,2,280,2,11,0,30000,25,7
21-jan-2020 04:00,3,0,0,5.5,0,4.2,2.2,7.2,80,1044.3,2,3,2,290,2,11,0,30000,24,8
21-jan-2020 05:00,0,0,0,5.7,0,4.3,2.2,7.2,78,1044.2,2,3,2,290,2,11,0,30000,24,8
21-jan-2020 06:00,0,0,0,5.8,0,4.4,2.3,7.2,79,1044,2,2,2,290,2,11,0,35000,23,8
21-jan-2020 07:00,0,0,0,5.8,0,4.4,2.3,7.2,79,1043.9,2,3,2,290,2,11,0,35000,23,7
21-jan-2020 08:00,0,0,0,5.7,0,4.4,2.5,7.3,80,1043.8,2,3,2,310,2,11,0,35000,20,7
21-jan-2020 09:00,0,0,0,5.5,0,4.4,2.8,7.5,83,1044,2,3,2,290,2,11,0,35000,23,7
21-jan-2020 10:00,0,0,0,6.1,0,5,3.5,7.8,83,1043.9,2,3,2,290,2,11,0,40000,22,7
21-jan-2020 11:00,0,0,0,6.5,0,5.2,3.5,7.8,81,1044.2,2,4,2,290,2,11,0,45000,23,7
21-jan-2020 12:00,0,0,0,6.8,0,5.7,4.3,8.3,84,1043.9,2,3,2,310,2,11,0.1,45000,21,7
21-jan-2020 13:00,0,0,0,7.7,0,6.3,4.5,8.4,80,1043.4,2,3,2,300,2,11,0.2,45000,21,7
21-jan-2020 14:00,0,0,0,7.6,0,6.5,5,8.8,84,1042.8,2,3,2,330,2,11,0.4,45000,22,7
21-jan-2020 15:00,0,0,0,7.7,0,6.6,5.2,8.9,84,1042.4,2,4,2,330,2,11,0,45000,20,7
21-jan-2020 16:00,0,0,0,7.7,0,6.6,5.2,8.9,84,1041.8,2,3,2,320,2,11,0,45000,21,7
21-jan-2020 17:00,0,0,0,7.5,0,6.4,5.1,8.7,84,1041.4,2,4,2,320,2,11,0,45000,21,7
21-jan-2020 18:00,0,0,0,6.8,0,6.1,5.1,8.9,90,1041.7,2,4,2,320,2,11,0,40000,21,7
21-jan-2020 19:00,0,0,0,6.9,0,6.2,5.3,8.9,90,1041.9,2,4,2,330,2,11,0,40000,18,7
21-jan-2020 20:00,0,0,0,7.3,0,6.5,5.5,9,88,1042.1,2,5,2,340,2,11,0,30000,20,7
21-jan-2020 21:00,0,0,0,7.2,0,6.5,5.7,9.1,90,1041.9,2,7,2,340,2,11,0,25000,26,7
21-jan-2020 22:00,0,0,0,7.1,0,6.7,6.1,9.5,94,1041.9,2,5,2,340,10,22,0,16000,6,7
21-jan-2020 23:00,2,0,0,7.3,0,6.9,6.5,9.6,94,1041.9,2,4,2,350,50,52,0,5000,3,8
22-jan-2020 00:00,2,0,0,6.9,0,6.7,6.4,9.6,97,1041.9,2,4,2,320,50,52,0,1600,2,8
22-jan-2020 01:00,2,0,0,6.8,0,6.6,6.4,9.6,97,1041.6,2,5,2,320,46,54,0,800,2,8
22-jan-2020 02:00,3,0,0,6.8,0,6.7,6.5,9.7,99,1041.4,2,5,2,330,46,42,0,700,2,8
22-jan-2020 03:00,3,0,0,6.9,0,6.8,6.6,9.8,99,1041.2,2,3,2,320,46,54,0,500,2,8
22-jan-2020 04:00,3,0,0,6.8,0,6.8,6.8,9.9,100,1040.6,2,3,2,330,46,44,0,400,2,8
22-jan-2020 05:00,3,0,0,6.8,0,6.7,6.6,9.7,99,1040.2,2,4,2,340,44,44,0,400,2,8
22-jan-2020 06:00,3,0,0,6.8,0,6.7,6.6,9.7,99,1040.1,2,4,2,350,42,54,0,700,3,8
22-jan-2020 07:00,3,0,0,6.9,0,6.7,6.5,9.6,97,1040.2,2,4,2,340,28,42,0,1800,2,8
22-jan-2020 08:00,0,0,0,6.9,0,6.8,6.6,9.8,99,1040,2,4,2,340,10,22,0,2000,3,8
22-jan-2020 09:00,0,0,0,7,0,6.8,6.5,9.7,97,1040,2,3,2,340,10,42,0,2000,11,8
22-jan-2020 10:00,3,0,0,6.9,0,6.7,6.4,9.6,97,1039.9,2,6,2,320,46,42,0.2,800,4,8
22-jan-2020 11:00,3,0,0,7.9,0,7.3,6.7,9.7,91,1039.8,2,4,2,330,28,42,1,7000,50,6
22-jan-2020 12:00,0,0,0,8.7,0,8,7.3,10.2,90,1039.2,2,6,2,320,1,41,1,18000,50,4
22-jan-2020 13:00,0,0,0,9.5,0,8.6,7.6,10.4,88,1038.7,2,5,2,320,2,11,1,30000,999,4
22-jan-2020 14:00,0,0,0,10.2,0,9,7.8,10.5,85,1038,2,5,2,320,2,11,0.4,40000,999,3
22-jan-2020 15:00,0,0,0,10.6,0,9.3,7.9,10.7,84,1037.6,2,3,2,290,2,11,0,40000,50,7
22-jan-2020 16:00,0,0,0,9.9,0,9,8,10.8,88,1037.7,2,3,2,300,2,11,0,40000,12,8
22-jan-2020 17:00,0,0,0,9.5,0,8.7,7.8,10.6,89,1037.6,2,3,2,320,2,11,0,20000,13,7
22-jan-2020 18:00,0,0,0,9.1,0,8.5,7.9,10.6,92,1037.6,2,4,2,350,2,11,0,20000,13,8
22-jan-2020 19:00,0,0,0,8.9,0,8.4,7.8,10.6,93,1037.6,2,2,2,10,2,11,0,20000,13,7
22-jan-2020 20:00,0,0,0,8.7,0,8.2,7.7,10.5,93,1037.4,2,3,2,20,10,22,0,12000,10,7
22-jan-2020 21:00,0,0,0,8.4,0,8,7.5,10.4,94,1037.1,2,5,2,10,10,22,0,12000,10,7
22-jan-2020 22:00,0,0,0,8.1,0,7.7,7.3,10.2,94,1036.6,2,4,2,10,10,22,0,16000,10,7
22-jan-2020 23:00,0,0,0,8.1,0,7.8,7.4,10.3,96,1036.4,2,5,2,30,10,22,0,16000,9,7
23-jan-2020 00:00,0,0,0,8.3,0,7.9,7.4,10.3,94,1036.4,2,5,2,90,10,22,0,8000,5,8
23-jan-2020 01:00,0,0,0,7.8,0,7.6,7.3,10.3,97,1036.2,2,6,2,70,10,22,0,4000,3,8
23-jan-2020 02:00,0,0,0,7.6,0,7.4,7.2,10.1,97,1035.7,2,6,2,60,10,22,0,3000,2,8
23-jan-2020 03:00,0,0,0,7.6,0,7.4,7.2,10.1,97,1035.2,2,5,2,60,10,22,0,2000,2,8
23-jan-2020 04:00,3,0,0,7.3,0,7.2,7,10.1,99,1034.7,2,3,2,50,46,42,0,800,2,8
23-jan-2020 05:00,3,0,0,7,0,6.9,6.8,9.9,99,1033.9,2,4,2,40,28,42,0,1200,2,8
23-jan-2020 06:00,3,0,0,6.7,0,6.6,6.4,9.7,98,1033.6,2,4,2,40,46,42,0,900,2,8
23-jan-2020 07:00,3,0,0,6.3,0,6.3,6.2,9.5,100,1033.4,2,4,2,50,46,44,0,700,2,8
23-jan-2020 08:00,3,0,0,6,0,6,5.9,9.3,100,1033.4,2,4,2,60,44,44,0,700,1,8
23-jan-2020 09:00,1,0.1,0,6,0,6,5.9,9.3,100,1033.5,2,3,2,70,46,44,0,300,2,8
23-jan-2020 10:00,3,0,0,5.9,0,5.9,5.8,9.3,100,1033.4,2,2,2,60,44,44,0,300,1,8
23-jan-2020 11:00,1,0.1,0,6.1,0,6,5.8,9.3,98,1033.4,2,2,2,120,42,44,0,900,2,8
23-jan-2020 12:00,3,0,0,6.6,0,6.5,6.4,9.6,98,1032.3,2,2,2,50,28,42,0,1200,2,8
23-jan-2020 13:00,0,0,0,6.8,0,6.7,6.6,9.7,99,1031.7,2,3,2,110,10,22,0,3000,3,8
23-jan-2020 14:00,0,0,0,6.9,0,6.8,6.7,9.8,99,1030.9,2,3,2,110,10,22,0,4000,4,8
23-jan-2020 15:00,0,0,0,6.9,0,6.8,6.6,9.8,99,1030.5,2,3,2,30,10,22,0,6000,6,8
23-jan-2020 16:00,0,0,0,6.9,0,6.8,6.6,9.8,99,1029.7,2,3,2,10,10,22,0,9000,8,8
23-jan-2020 17:00,0,0,0,6.9,0,6.7,6.5,9.6,97,1029.5,2,4,2,330,10,22,0,9000,9,8
23-jan-2020 18:00,0,0,0,6.8,0,6.5,6.2,9.4,96,1029.2,2,3,2,330,10,22,0,9000,9,8
23-jan-2020 19:00,0,0,0,6.5,0,6.2,5.8,9.2,95,1028.7,2,2,2,320,10,22,0,12000,7,7
23-jan-2020 20:00,0,0,0,6.4,0,6,5.5,9,94,1028.9,2,2,2,320,10,22,0,8000,5,7
23-jan-2020 21:00,0,0,0,6.2,0,5.9,5.4,9,95,1028.6,2,4,2,310,10,22,0,10000,5,8
23-jan-2020 22:00,0,0,0,5.8,0,5.4,4.9,8.6,94,1028.5,2,4,2,330,10,22,0,10000,5,8
23-jan-2020 23:00,0,0,0,5.9,0,5.6,5.1,8.9,95,1028.6,2,3,2,280,10,22,0,8000,4,8
24-jan-2020 00:00,2,0,0,5.4,0,5.2,4.9,8.7,97,1028,2,6,2,330,20,52,0,8000,3,8
24-jan-2020 01:00,0,0,0,5.4,0,5.1,4.6,8.5,95,1027.6,2,3,2,310,10,22,0,10000,5,8
24-jan-2020 02:00,0,0,0,5.2,0,4.9,4.4,8.4,95,1026.9,2,3,2,270,10,22,0,10000,5,8
24-jan-2020 03:00,0,0,0,5.2,0,4.8,4.2,8.3,94,1026.4,2,3,2,290,10,22,0,15000,5,8
24-jan-2020 04:00,0,0,0,5.3,0,5,4.5,8.5,95,1026.1,2,2,2,310,10,22,0,12000,4,8
24-jan-2020 05:00,2,0,0,5.1,0,4.8,4.4,8.4,95,1025.4,2,4,2,300,20,52,0,12000,4,8
24-jan-2020 06:00,2,0,0,5,0,4.7,4.3,8.3,95,1024.9,2,3,2,280,20,52,0,12000,4,7
24-jan-2020 07:00,2,0,0,5,0,4.7,4.4,8.3,95,1024.8,2,3,2,230,20,52,0,10000,4,8
24-jan-2020 08:00,2,0,0,4.7,0,4.5,4.1,8.3,97,1025.1,2,3,2,240,50,52,0,9000,4,7
24-jan-2020 09:00,0,0.1,0,5,0,4.7,4.4,8.3,95,1025.4,2,3,2,290,50,52,0,9000,5,8
24-jan-2020 10:00,2,0,0,5,0,4.7,4.2,8.3,95,1025.1,2,4,2,290,50,52,0,12000,7,8
24-jan-2020 11:00,2,0,0,5.2,0,4.7,4,8.1,92,1025,2,3,2,270,50,52,0,20000,6,7
24-jan-2020 12:00,2,0,0,5.5,0,5.1,4.5,8.5,94,1024.4,2,4,2,240,20,52,0,30000,5,7
24-jan-2020 13:00,0,0,0,5.6,0,5.2,4.6,8.5,94,1023.5,2,5,2,260,2,11,0,30000,4,8
24-jan-2020 14:00,2,0,0,5.7,0,5.3,4.8,8.6,94,1023,2,5,2,220,20,52,0,30000,4,8
24-jan-2020 15:00,2,0,0,5.8,0,5.3,4.7,8.5,92,1022.3,2,5,2,230,20,52,0,30000,6,7
24-jan-2020 16:00,2,0,0,5.9,0,5.5,4.9,8.7,94,1021.8,2,6,2,220,20,52,0,12000,5,7
24-jan-2020 17:00,2,0,0,5.9,0,5.6,5.1,8.9,95,1021.5,2,5,2,220,50,52,0,9000,5,8
24-jan-2020 18:00,2,0,0,6,0,5.7,5.2,8.9,95,1021.4,2,5,2,220,50,52,0,9000,5,8
24-jan-2020 19:00,2,0,0,6,0,5.7,5.2,8.9,95,1021.2,2,4,2,230,20,52,0,20000,12,8
24-jan-2020 20:00,2,0,0,5.8,0,5.6,5.3,8.9,97,1021.1,2,3,2,220,50,52,0,12000,12,8
24-jan-2020 21:00,0,0.1,0,5.9,0,5.7,5.5,9,97,1020.7,2,2,2,160,46,54,0,900,2,8
24-jan-2020 22:00,0,0.1,0,6.2,0,6.1,5.9,9.3,98,1020.3,2,2,2,160,50,54,0,600,2,8
24-jan-2020 23:00,0,0.1,0,6.3,0,6.2,6,9.4,98,1019.8,2,7,2,190,50,54,0,5000,2,7
25-jan-2020 00:00,0,0.1,0,6,0,5.7,5.2,8.9,95,1019.4,2,6,2,200,20,54,0,10000,18,7
25-jan-2020 01:00,0,0,0,6.1,0,5.6,5,8.7,92,1018.8,2,6,2,190,2,11,0,20000,16,7
25-jan-2020 02:00,0,0,0,5.7,0,4.9,3.9,8,88,1017.7,2,8,2,190,2,11,0,20000,25,7
25-jan-2020 03:00,3,0,0,5.6,0,5.1,4.4,8.4,92,1016.9,2,7,2,190,2,11,0,25000,25,4
25-jan-2020 04:00,3,0,0,4.4,0,3.9,3.3,7.7,92,1016.5,2,5,2,170,2,11,0,30000,999,3
25-jan-2020 05:00,3,0,0,5,0,4.6,4,8.2,94,1016.1,2,4,2,170,2,11,0,20000,30,7
25-jan-2020 06:00,0,0,0,5.3,0,4.9,4.4,8.3,94,1015.6,2,4,2,180,2,11,0,20000,32,7
25-jan-2020 07:00,0,0,0,6.1,0,5.7,5.1,8.8,94,1015.2,2,5,2,160,2,11,0,20000,28,7
25-jan-2020 08:00,0,0.1,0,6.1,0,5.9,5.7,9.1,97,1015,2,5,2,210,50,52,0,6000,13,8
25-jan-2020 09:00,0,0.1,0,6.2,0,6.1,6,9.3,98,1014.8,2,5,2,170,50,52,0,1400,4,8
25-jan-2020 10:00,2,0,0,6.5,0,6.5,6.4,9.7,100,1014.5,2,5,2,160,50,54,0,4000,8,8
25-jan-2020 11:00,2,0,0,7,0,6.8,6.6,9.7,97,1014.1,2,7,2,160,20,52,0,12000,8,8
25-jan-2020 12:00,0,0,0,7.4,0,6.9,6.3,9.5,93,1013.5,2,8,2,190,1,54,0,20000,8,7
25-jan-2020 13:00,0,0,0,7.9,0,7.2,6.3,9.6,90,1012.5,2,7,2,180,2,11,0,40000,36,7
25-jan-2020 14:00,0,0,0,7.7,0,7.1,6.4,9.6,91,1011.5,2,9,2,170,2,11,0,40000,16,7
25-jan-2020 15:00,2,0,0,7.4,0,6.9,6.3,9.5,93,1010.5,2,8,2,170,50,52,0,9000,12,8
25-jan-2020 16:00,0,0.2,0,7.2,0,6.9,6.5,9.7,96,1010.2,2,9,2,180,50,52,0,18000,12,8
25-jan-2020 17:00,2,0,0,7.1,0,6.5,5.8,9.2,91,1009.8,2,9,2,180,50,52,0,20000,12,8
25-jan-2020 18:00,0,0.1,0,7.1,0,6.8,6.4,9.6,96,1009.3,2,9,2,180,50,52,0,9000,8,8
25-jan-2020 19:00,2,0,0,7.3,0,7,6.6,9.8,96,1009,2,10,2,180,50,52,0,9000,9,8
25-jan-2020 20:00,0,0.2,0,7.6,0,7.3,7,10,96,1008.5,2,11,2,180,58,65,0,8000,5,8
25-jan-2020 21:00,0,0.1,0,7.8,0,7.5,7.1,10.1,96,1007.8,2,12,2,180,21,65,0,20000,6,8
25-jan-2020 22:00,0,0.3,0,8,0,7.7,7.4,10.3,96,1006.7,2,13,2,170,60,65,0,4000,4,8
25-jan-2020 23:00,0,0.5,0,8.1,0,7.9,7.7,10.5,97,1005.7,2,15,2,170,61,66,0,5000,3,8
26-jan-2020 00:00,0,0.7,0,8.3,0,8.2,8,10.8,99,1004.8,2,15,2,180,61,65,0,6000,3,8
26-jan-2020 01:00,2,0,0,8.6,0,8.3,7.9,10.7,96,1004,2,17,2,180,20,52,0,12000,5,8
26-jan-2020 02:00,2,0,0,8.7,0,8.4,8.1,10.8,96,1003.2,2,16,2,180,50,52,0,8000,4,8
26-jan-2020 03:00,0,2,0,8.7,0,8.6,8.4,11.1,99,1002.1,2,16,2,190,61,65,0,3000,3,8
26-jan-2020 04:00,0,1.5,0,8.3,0,8,7.7,10.5,96,1001.8,2,16,2,200,21,62,0,20000,16,8
26-jan-2020 05:00,0,0,0,7.5,0,7.3,7.1,10.1,97,1002.3,2,9,2,230,2,11,0,20000,6,7
26-jan-2020 06:00,2,0,0,6.9,0,6.7,6.4,9.6,97,1002.6,2,8,2,230,21,65,0,25000,60,7
26-jan-2020 07:00,0,0,0,6.8,0,6.2,5.4,9,91,1003.3,2,8,2,250,2,11,0,30000,35,7
26-jan-2020 08:00,2,0,0,6.1,0,5.3,4.2,8.3,88,1004,2,8,2,270,80,82,0,30000,20,7
26-jan-2020 09:00,2,0,0,4.9,0,4.2,3.1,7.7,89,1004.6,2,7,2,240,25,82,0,40000,200,4
26-jan-2020 10:00,0,0,0,4.9,0,4.2,3.2,7.7,89,1005,2,6,2,230,2,11,0.7,40000,200,7
26-jan-2020 11:00,0,0,0,6.3,0,5.3,3.9,8.1,85,1005.3,2,6,2,220,2,11,0.2,40000,200,7
26-jan-2020 12:00,0,0,0,6.2,0,4.4,1.7,6.9,73,1005.4,2,9,2,240,2,82,0,45000,200,7
26-jan-2020 13:00,0,0,0,6.3,0,4.1,0.8,6.4,67,1005.1,2,8,2,250,2,11,0.1,50000,200,7
26-jan-2020 14:00,0,0,0,6.1,0,4,0.8,6.5,69,1004.6,2,6,2,230,2,11,1,50000,999,3
26-jan-2020 15:00,0,0,0,6.7,0,4.2,0.3,6.2,64,1003.7,2,8,2,210,2,11,1,50000,999,3
26-jan-2020 16:00,0,0,0,6.2,0,4.2,1.3,6.6,70,1002.8,2,8,2,190,2,11,0.4,50000,999,1
26-jan-2020 17:00,0,0,0,5,0,3.5,1.1,6.6,76,1001.2,2,7,2,160,2,11,0,45000,999,3
26-jan-2020 18:00,0,1.3,0,4.9,0,3.9,2.4,7.3,84,1001.5,2,12,2,190,80,81,0,40000,21,6
26-jan-2020 19:00,0,2,0,4.5,0,4.3,3.9,8.1,97,1000.5,2,10,2,200,25,82,0,35000,21,7
26-jan-2020 20:00,0,0.1,0,5.5,0,4.9,4.1,8.2,91,999.7,2,9,2,200,25,82,0,30000,80,7
26-jan-2020 21:00,3,0,0,4.8,0,4.2,3.4,7.8,90,999.4,2,12,2,230,1,82,0,30000,80,6
26-jan-2020 22:00,3,0,0,4.5,0,3.8,2.7,7.5,89,999.2,2,12,2,210,2,11,0,30000,999,3
26-jan-2020 23:00,0,0,0,4.6,0,3.3,1.2,6.7,79,999.1,2,13,2,230,2,11,0,30000,80,4
27-jan-2020 00:00,0,0,0,4.7,0,3.5,1.8,6.9,81,999.2,2,12,2,230,3,81,0,30000,100,6
27-jan-2020 01:00,0,0,0,3.3,0,2.5,1.2,6.7,86,999.6,2,12,2,230,2,11,0,30000,999,3
27-jan-2020 02:00,3,0,0,2.4,0,1.9,1.2,6.6,91,999.4,2,11,2,230,2,11,0,30000,999,1
27-jan-2020 03:00,3,0,0,2,0,1.4,0.5,6.3,89,999.3,2,9,2,230,2,11,0,35000,999,1
27-jan-2020 04:00,3,0,0,2.8,0,2,0.6,6.4,86,998.6,2,10,2,230,2,11,0,35000,999,2
27-jan-2020 05:00,3,0,0,2,0,1.4,0.5,6.3,89,998.5,2,10,2,230,2,11,0,35000,60,5
27-jan-2020 06:00,0,0.6,0,1.4,0,1.1,0.5,6.4,94,998.1,2,8,2,230,25,81,0,35000,22,4
27-jan-2020 07:00,3,0,0,0.9,0,0.6,0.2,6.1,94,997.8,2,8,2,210,2,11,0,35000,120,5
27-jan-2020 08:00,3,0,0,1.4,0,1.2,0.8,6.5,96,997.5,2,6,2,220,2,11,0,35000,130,7
27-jan-2020 09:00,0,0,0,1.6,0,1.3,0.9,6.5,94,996.6,2,7,2,200,2,11,0.2,35000,21,5
27-jan-2020 10:00,0,0,0,2.6,0,2.1,1.4,6.7,91,995.9,2,10,2,210,2,11,0,35000,999,3
27-jan-2020 11:00,0,0,0,3.9,0,3.3,2.5,7.3,90,995,2,8,2,210,2,11,0.2,40000,23,7
27-jan-2020 12:00,0,1.2,0,3,0,2.6,2,7,93,994.1,2,8,2,200,25,81,0,40000,18,7
27-jan-2020 13:00,0,1.6,0,3.5,0,3.1,2.5,7.3,93,992.7,2,7,2,210,26,82,0,35000,22,7
27-jan-2020 14:00,0,1.2,0,3.8,0,3.4,2.7,7.5,93,991.4,2,7,2,210,83,82,0,40000,22,7
27-jan-2020 15:00,0,0.2,0,3.7,0,3.4,3,7.6,95,990,2,8,2,210,83,82,0,40000,18,7
27-jan-2020 16:00,0,0.1,0,3.9,0,3.3,2.4,7.3,90,989.3,2,10,2,220,26,82,0.1,35000,22,7
27-jan-2020 17:00,0,0.1,0,3.8,0,3.1,1.9,7.1,88,989,2,10,2,210,26,82,0,35000,21,7
27-jan-2020 18:00,0,0.5,0,2.1,0,1.5,0.5,6.3,89,989.3,2,9,2,240,26,81,0,35000,999,3
27-jan-2020 19:00,0,0,0,1.7,0,1.2,0.4,6.3,91,989.5,2,11,2,250,2,11,0,35000,18,6
27-jan-2020 20:00,3,0,0,1.1,0,0.6,-0.2,6,90,990,2,11,2,250,2,11,0,20000,999,3
27-jan-2020 21:00,3,0,0,0.6,0,0.2,-0.6,5.9,92,990.4,2,8,2,250,2,11,0,20000,999,1
27-jan-2020 22:00,1,0.1,0,1,0,0.4,-0.6,5.8,88,991.1,2,9,2,280,2,11,0,20000,999,1
27-jan-2020 23:00,0,0.4,0,0.4,0,0.1,-0.4,5.9,94,991.1,2,8,2,260,26,81,0,20000,999,4
28-jan-2020 00:00,2,0,0,0.8,0,0.4,-0.4,6,92,992.8,2,9,2,250,85,81,0,6000,18,6
28-jan-2020 01:00,0,0.5,0,0.5,0,0.2,-0.3,6,94,993.7,2,8,2,250,85,82,0,3000,16,6
28-jan-2020 02:00,0,0.2,0,0,1,-0.2,-0.7,5.9,96,994,2,7,2,230,26,81,0,20000,999,4
28-jan-2020 03:00,3,0,1,-0.5,1,-0.9,-1.7,5.4,92,994.8,2,6,2,220,1,81,0,20000,999,3
28-jan-2020 04:00,0,0.1,0,1,0,0.5,-0.5,5.9,90,994.7,2,12,2,240,26,81,0,20000,999,4
28-jan-2020 05:00,3,0,0,0.7,0,0.2,-0.6,5.8,90,995.2,2,9,2,260,2,11,0,20000,999,3
28-jan-2020 06:00,3,0,0,0.1,1,-0.2,-0.7,5.8,94,995.5,2,6,2,230,1,81,0,20000,999,2
28-jan-2020 07:00,0,0.1,0,1.2,0,0.7,-0.3,6,90,996,2,7,2,240,26,81,0,20000,999,4
28-jan-2020 08:00,0,0.5,0,1.2,0,0.8,0,6.2,92,996.3,2,10,2,250,26,81,0,20000,16,4
28-jan-2020 09:00,0,0.3,0,1.5,0,0.7,-0.6,5.8,85,996.2,2,14,2,240,26,81,0.5,30000,60,4
28-jan-2020 10:00,0,0,0,2.9,0,1.5,-0.9,5.7,76,997.1,2,14,2,240,2,11,0.6,30000,28,4
28-jan-2020 11:00,0,0.1,0,3.2,0,2.1,0.4,6.2,81,998,2,13,2,270,25,81,0.5,30000,999,3
28-jan-2020 12:00,2,0,0,3.5,0,2.4,0.7,6.4,81,998.4,2,12,2,250,80,81,0.4,20000,18,6
28-jan-2020 13:00,2,0,0,3.6,0,2.4,0.4,6.3,80,999.1,2,17,2,250,25,81,1,30000,999,2
28-jan-2020 14:00,0,0,0,5,0,3.1,0,6.1,70,999.4,2,15,2,270,2,11,1,40000,999,1
28-jan-2020 15:00,0,0,0,3.4,0,2.2,0.1,6.2,80,1000.7,2,17,2,270,3,81,0.3,20000,22,4
28-jan-2020 16:00,0,0.2,0,3,0,2,0.4,6.3,83,1001.5,2,13,2,270,25,81,0.2,30000,999,3
28-jan-2020 17:00,0,0,0,3.5,0,2.1,-0.3,6,76,1002.1,2,9,2,250,2,11,0,30000,999,1
28-jan-2020 18:00,0,0,0,3.9,0,2.2,-0.6,5.8,72,1003,2,12,2,250,3,81,0,30000,999,3
28-jan-2020 19:00,3,0,0,1.5,0,0.7,-0.7,5.8,85,1004.3,2,7,2,240,2,11,0,30000,999,1
28-jan-2020 20:00,3,0,0,2.2,0,1.1,-0.9,5.7,80,1004.7,2,7,2,230,2,11,0,20000,999,1
28-jan-2020 21:00,0,0,0,2.4,0,1.4,-0.2,6,82,1005.1,2,10,2,250,2,11,0,20000,999,1
28-jan-2020 22:00,0,0,0,2.9,0,1.7,-0.4,5.9,79,1005.4,2,10,2,260,2,11,0,20000,999,3
28-jan-2020 23:00,0,0,0,1.6,0,0.8,-0.6,5.8,85,1006.2,2,9,2,240,2,11,0,20000,999,3
29-jan-2020 00:00,2,0,0,2.7,0,1.7,0.1,6.1,82,1006.7,2,8,2,230,25,81,0,20000,999,4
29-jan-2020 01:00,0,0,0,2.1,0,1.4,0.2,6.2,87,1007,2,8,2,230,2,11,0,20000,999,2
29-jan-2020 02:00,0,0,0,3.6,0,2.6,0.9,6.6,83,1007.4,2,10,2,230,2,11,0,20000,999,4
29-jan-2020 03:00,0,0,0,3.6,0,2.8,1.5,6.8,86,1007.9,2,11,2,250,2,11,0,20000,999,1
29-jan-2020 04:00,0,0,0,3.6,0,2.7,1.4,6.7,85,1008.4,2,10,2,230,2,11,0,20000,999,1
29-jan-2020 05:00,0,0,0,2.9,0,2.3,1.3,6.7,89,1008.6,2,9,2,230,2,11,0,20000,999,1
29-jan-2020 06:00,0,0,0,4.3,0,3.5,2.3,7.2,87,1008.6,2,10,2,240,2,11,0,20000,999,1
29-jan-2020 07:00,0,0,0,3.4,0,2.8,1.8,7,90,1008.6,2,8,2,220,2,11,0,20000,999,1
29-jan-2020 08:00,0,0.2,0,4.8,0,4.3,3.5,7.9,92,1008.8,2,10,2,230,80,81,0,12000,18,7
29-jan-2020 09:00,2,0,0,4.6,0,4.1,3.5,7.8,92,1008.9,2,10,2,230,25,81,0.6,30000,999,2
29-jan-2020 10:00,0,0,0,6.2,0,5.6,4.7,8.6,91,1008.9,2,10,2,230,2,11,0.7,30000,999,3
29-jan-2020 11:00,2,0,0,7.3,0,6.5,5.4,9,88,1009,2,10,2,230,80,81,0,20000,18,7
29-jan-2020 12:00,2,0,0,8.5,0,7.4,6.1,9.4,85,1008.8,2,9,2,220,25,81,0,30000,18,7
29-jan-2020 13:00,2,0,0,9.4,0,8.1,6.5,9.8,83,1008.1,2,15,2,230,25,82,0.2,20000,18,7
29-jan-2020 14:00,0,0.1,0,8.2,0,7.5,6.7,9.8,90,1008,2,18,2,230,25,82,0.2,20000,35,6
29-jan-2020 15:00,0,0.1,0,8.1,0,7.5,6.9,9.9,92,1007.6,2,13,2,230,80,82,0,12000,16,7
29-jan-2020 16:00,0,0.2,0,7.6,0,7.1,6.5,9.7,93,1007.6,2,14,2,220,25,82,0,30000,25,7
29-jan-2020 17:00,0,0,0,7.6,0,6.9,6,9.4,90,1007.5,2,8,2,230,2,11,0,30000,24,7
29-jan-2020 18:00,0,0,0,7.4,0,6.6,5.7,9.1,88,1007.4,2,7,2,220,2,82,0,20000,18,7
29-jan-2020 19:00,0,0,0,7.4,0,6.5,5.3,9,87,1007.5,2,8,2,210,2,11,0,20000,25,7
29-jan-2020 20:00,0,0,0,7.4,0,6.4,5.1,8.8,86,1007.2,2,8,2,190,2,11,0,20000,20,7
29-jan-2020 21:00,0,0,0,7.4,0,6.4,5.1,8.8,86,1007.1,2,9,2,200,2,11,0,20000,22,7
29-jan-2020 22:00,0,0,0,7.4,0,6.1,4.4,8.4,81,1006.5,2,10,2,200,2,11,0,20000,19,7
29-jan-2020 23:00,0,0,0,7.5,0,6.3,4.7,8.6,83,1005.9,2,8,2,180,2,11,0,20000,18,7
30-jan-2020 00:00,0,0,0,7.6,0,6.7,5.6,9.1,87,1005,2,9,2,180,2,11,0,20000,16,7
30-jan-2020 01:00,2,0,0,7.6,0,7.5,7.3,10.3,99,1004.1,2,10,2,190,58,65,0,1500,2,8
30-jan-2020 02:00,0,0.1,0,7.9,0,7.8,7.7,10.5,99,1002.4,2,9,2,170,50,54,0,900,2,8
30-jan-2020 03:00,2,0,0,8.2,0,8.1,8,10.7,99,1001.9,2,9,2,160,50,65,0,900,2,8
30-jan-2020 04:00,0,0.3,0,8.4,0,8.2,8,10.7,97,1000.7,2,7,2,160,50,54,0,900,2,8
30-jan-2020 05:00,0,0.4,0,8.5,0,8.4,8.3,10.9,99,999.5,2,7,2,150,58,65,0,1500,3,8
30-jan-2020 06:00,0,0.2,0,8.8,0,8.8,8.7,11.3,100,998.5,2,8,2,150,58,65,0,900,3,8
30-jan-2020 07:00,0,0.2,0,9,0,9,8.9,11.5,100,998.3,2,7,2,150,50,54,0,800,2,8
30-jan-2020 08:00,0,0.1,0,9.1,0,9.1,9,11.6,100,998.4,2,4,2,180,58,65,0,800,1,8
30-jan-2020 09:00,0,0.1,0,8.4,0,8.4,8.3,11,100,998.2,2,4,2,220,58,65,0,1800,2,7
30-jan-2020 10:00,2,0,0,9.1,0,9,8.9,11.4,99,999,2,8,2,230,46,65,0,800,1,8
30-jan-2020 11:00,3,0,0,9.7,0,9.6,9.5,11.9,99,999.4,2,8,2,220,28,42,0,2000,2,7
30-jan-2020 12:00,0,0,0,10.6,0,10.4,10.2,12.4,97,999.6,2,9,2,230,2,65,0.3,30000,10,7
30-jan-2020 13:00,0,0,0,11.8,0,11.2,10.6,12.8,93,999.9,2,8,2,230,2,11,0.5,30000,12,7
30-jan-2020 14:00,0,0,0,11.6,0,10.5,9.4,11.8,87,1000.3,2,11,2,240,2,11,0.9,40000,13,5
30-jan-2020 15:00,0,0,0,11.9,0,9.9,7.8,10.6,76,1000.3,2,15,2,250,2,11,0.8,45000,200,5
30-jan-2020 16:00,0,0,0,10.9,0,9.5,8.1,10.7,82,1001.2,2,14,2,250,2,11,0.4,45000,200,6
30-jan-2020 17:00,0,0,0,9.8,0,8.9,7.9,10.7,88,1002,2,12,2,250,2,11,0,45000,200,6
30-jan-2020 18:00,0,0,0,8.9,0,8.2,7.5,10.3,90,1002.8,2,10,2,250,2,11,0,40000,999,3
30-jan-2020 19:00,0,0,0,8,0,7.4,6.8,9.8,92,1003.4,2,10,2,230,2,11,0,40000,999,1
30-jan-2020 20:00,0,0,0,9,0,8.8,8.5,11.2,97,1004.3,2,7,2,220,2,11,0,30000,4,7
30-jan-2020 21:00,0,0,0,9,0,8.7,8.4,11,96,1004.1,2,9,2,220,2,11,0,25000,4,7
30-jan-2020 22:00,0,0,0,9.2,0,9,8.8,11.3,97,1004.2,2,11,2,220,2,11,0,18000,2,8
30-jan-2020 23:00,2,0,0,9.6,0,9.6,9.5,11.9,100,1004.1,2,13,2,210,50,52,0,5000,2,8
31-jan-2020 00:00,2,0,0,9.3,0,9.2,9,11.5,99,1003.5,2,16,2,210,58,65,0,2000,3,8
31-jan-2020 01:00,0,0.1,0,9.1,0,9,8.9,11.4,99,1003.3,2,16,2,210,50,52,0,1400,3,8
31-jan-2020 02:00,0,0.1,0,9.3,0,9.2,9,11.5,99,1002.4,2,16,2,210,50,65,0,2000,3,8
31-jan-2020 03:00,0,0.1,0,9.2,0,9.1,9,11.5,99,1001.4,2,18,2,210,50,65,0,2000,2,8
31-jan-2020 04:00,0,0.1,0,9.4,0,9.3,9.1,11.6,99,1000.8,2,19,2,210,50,52,0,2000,2,8
31-jan-2020 05:00,0,0.5,0,9.4,0,9.3,9.2,11.6,99,1000.5,2,19,2,210,50,65,0,5000,3,8
31-jan-2020 06:00,0,0.6,0,9.4,0,9.3,9.1,11.6,99,999.9,2,19,2,210,50,65,0,4000,3,8
31-jan-2020 07:00,0,0.5,0,9.6,0,9.5,9.4,11.8,99,999.4,2,19,2,210,60,65,0,5000,3,8
31-jan-2020 08:00,0,0.4,0,10.2,0,10.1,9.9,12.3,99,999.6,2,17,2,210,61,66,0,3000,3,7
31-jan-2020 09:00,0,0.3,0,10.3,0,10.2,10.1,12.4,99,999.7,2,16,2,210,61,65,0,3500,3,7
31-jan-2020 10:00,0,0.1,0,10.5,0,10.4,10.2,12.5,99,999.8,2,16,2,210,61,66,0,3000,3,7
31-jan-2020 11:00,0,0.1,0,10.9,0,10.8,10.6,12.9,99,999.9,2,15,2,230,61,66,0.3,7000,5,7
31-jan-2020 12:00,2,0,0,10.8,0,10.3,9.8,12.1,94,999.6,2,16,2,210,21,65,0.1,25000,14,7
31-jan-2020 13:00,0,0,0,10.6,0,9.5,8.4,11,86,999,2,17,2,230,2,11,0,30000,9,7
31-jan-2020 14:00,2,0,0,10.1,0,9.8,9.4,11.9,96,999.1,2,18,2,230,60,62,0,9000,5,7
31-jan-2020 15:00,0,0.1,0,10.1,0,9.8,9.4,11.9,96,998.1,2,17,2,230,21,62,0,25000,7,7
31-jan-2020 16:00,0,0,0,10.2,0,9.6,9,11.5,92,998.3,2,16,2,230,2,11,0,20000,7,7
31-jan-2020 17:00,0,0,0,10.2,0,9.6,8.9,11.5,92,997.7,2,15,2,230,2,11,0,20000,12,7
31-jan-2020 18:00,0,0,0,10.1,0,9.6,9.1,11.5,93,997.6,2,16,2,230,2,62,0,20000,10,7
31-jan-2020 19:00,0,0,0,9.9,0,9.2,8.4,11.1,91,997.5,2,17,2,230,2,11,0,20000,14,7
31-jan-2020 20:00,0,0,0,9.2,0,8.2,7,10.1,87,997.3,2,18,2,230,2,11,0,20000,15,5
31-jan-2020 21:00,0,0,0,8.1,0,6.8,5.2,8.8,82,997.5,2,18,2,230,2,11,0,20000,23,5
31-jan-2020 22:00,0,0,0,7.7,0,6.3,4.5,8.4,80,997.7,2,16,2,230,2,11,0,20000,32,4
31-jan-2020 23:00,0,0,0,7.7,0,6.3,4.4,8.4,80,997.9,2,16,2,230,2,11,0,20000,34,6
01-feb-2020 00:00,0,0,0,7.1,0,5.8,4,8.2,81,997.9,2,15,2,230,2,11,0,20000,999,2
